Timestamp,Gender,Date_Of_Birth,Age,Age_Group,Aptitude,Parents_Education_Encoded,Family_Lifestyle_Encoded,Math,English,Bio,Chemistry,Physics,ICT,Business,Average_Score,if_HS_Student,Study_Method,Study_Habit,English_Proficiency,IELTS_Score,Favorite_Subject,Career_Interest,Personality_Trait,Address,Study_Country,Chosen_University,Influence,Building miniatures / models,DIY projects,Debate / Public Speaking,Hackathons / App development projects,Programming / coding clubs,Science clubs,Student Council / Leadership Roles,"Volunteering at hospitals, clinics, or NGOs",DIY / Project recognition,Debate / Public Speaking awards,Hackathon / App competition prize,Model building recognition,Other (please specify),Programming / Coding award,Science fair / Olympiad prize,Student Council / Leadership role,Volunteering recognition
2025/09/28 9:19:07 PM GMT+6:30,Female,2006-09-10,19.0,15-to-20,9–10 → Exceptional aptitude,1,1.0,95.0,76.0,0.0,89.0,0.0,83.0,88.0,86.2,yes,Self-study,3–4 hours,Advanced,0.0,Science,0,INFJ,Yangon,UK,"University of Glasgow, LSE, University of Manchester ",Internal,0,0,1,0,0,0,1,1,0,0,0,0,0,0,0,0,1
2025/09/28 9:42:59 PM GMT+6:30,Male,2011-06-10,14.0,10-to-15,7–8 → High aptitude,1,2.0,85.0,92.0,0.0,80.0,80.0,87.0,90.0,85.66666666666667,yes,Self-study,1–2 hours,Intermediate,0.0,Science,0,ESTP,Mandalay,Singapore,,Internal,1,1,1,0,0,0,1,0,0,0,0,0,0,0,1,0,0
2025/09/28 9:46:18 PM GMT+6:30,Male,1997-01-19,28.0,20-to-30,7–8 → High aptitude,1,1.0,54.0,73.0,69.0,75.0,61.0,0.0,0.0,66.4,no,Tuition / Extra Classes,More than 4 hours,Advanced,5.5,Math,1,ISFJ,Mandalay ,UK;Canada,,Internal,0,0,0,0,1,0,0,0,0,0,0,0,1,0,0,0,0
2025/09/28 9:46:45 PM GMT+6:30,Female,2025-09-28,17.0,15-to-20,4–6 → Medium aptitude,1,1.0,50.0,74.0,90.0,75.0,69.0,0.0,0.0,71.6,no,Tuition / Extra Classes,2–3 hours,Intermediate,0.0,English,2,ESFJ,Mandalay,UK,,Internal,0,0,0,0,0,0,1,0,0,0,0,0,0,0,0,0,1
2025/09/28 9:52:39 PM GMT+6:30,Female,1995-08-29,30.0,20-to-30,0–3 → Low aptitude,1,2.0,79.0,60.0,58.0,56.0,57.0,0.0,0.0,62.0,no,Tuition / Extra Classes,1–2 hours,Intermediate,0.0,Math,1,ESFJ,Mandalay,Singapore,I'm not sure.,Internal,0,1,0,0,0,0,0,0,1,0,0,0,0,0,0,0,0
2025/09/28 9:52:57 PM GMT+6:30,Male,2008-10-10,17.0,15-to-20,7–8 → High aptitude,1,0.0,86.0,98.0,80.0,86.0,79.0,0.0,0.0,85.8,yes,Self-study,3–4 hours,Intermediate,0.0,English,1,ENFJ,No.5 Basic Education High school Chan Aye Thar Zan Township Mandalay ,USA,,Internal,0,0,1,0,0,0,0,0,0,0,0,0,1,0,0,0,0
2025/09/28 9:54:30 PM GMT+6:30,Female,2004-09-23,21.0,20-to-30,9–10 → Exceptional aptitude,1,1.0,96.0,63.0,0.0,93.0,91.0,92.0,0.0,87.0,no,Self-study,1–2 hours,Intermediate,0.0,Math,1,INFJ,Pakokku,Canada;Singapore,,Internal,0,0,0,1,1,0,0,0,0,0,1,0,0,0,0,0,0
2025/09/28 10:01:50 PM GMT+6:30,Female,2008-07-15,17.0,15-to-20,9–10 → Exceptional aptitude,1,1.0,97.0,90.0,0.0,86.0,84.0,82.0,80.0,86.5,yes,Tuition / Extra Classes,1–2 hours,Intermediate,0.0,Math,3,ISTJ,Mandalay,UK,UCL (university collage london),Internal,1,1,1,0,0,1,1,0,0,1,0,0,0,0,0,0,0
2025/09/28 10:13:23 PM GMT+6:30,Female,2025-09-14,17.0,15-to-20,4–6 → Medium aptitude,0,0.0,64.0,42.0,0.0,43.0,57.0,0.0,0.0,51.5,no,Self-study,1–2 hours,Beginner,0.0,English,0,ENTJ,Mandalar University ,USA;Singapore;Thailand,Want to attend ,External,0,0,1,0,0,0,0,0,0,0,0,0,1,0,0,0,0
2025/09/28 10:24:24 PM GMT+6:30,Female,2007-02-15,18.0,15-to-20,9–10 → Exceptional aptitude,1,2.0,82.0,78.0,81.5,80.0,78.0,80.0,0.0,79.91666666666667,no,Self-study,3–4 hours,Intermediate,0.0,Science,2,ISFJ,Yangon,UK,Manchester university,External,0,0,0,0,0,0,0,1,0,0,0,0,0,0,0,0,1
2025/09/28 10:34:36 PM GMT+6:30,Female,2008-05-28,17.0,15-to-20,7–8 → High aptitude,1,2.0,92.0,80.0,89.0,91.0,93.0,90.0,0.0,89.16666666666667,no,Self-study,2–3 hours,Advanced,0.0,English,2,ENFP,Yangon,UK,,Internal,0,0,0,0,0,1,1,0,0,0,0,0,0,0,0,0,1
2025/09/28 10:37:41 PM GMT+6:30,Female,2005-08-07,20.0,15-to-20,4–6 → Medium aptitude,1,1.0,88.0,90.0,60.0,85.0,78.0,67.0,50.0,74.0,no,Tuition / Extra Classes,1–2 hours,Intermediate,0.0,English,2,ISFP,Yangon ,USA;Canada;Singapore,NUS ,Internal,0,0,0,0,0,0,0,1,1,0,0,0,0,0,0,0,0
2025/09/28 10:41:27 PM GMT+6:30,Male,2006-06-15,19.0,15-to-20,7–8 → High aptitude,1,2.0,90.0,80.0,0.0,0.0,70.0,80.0,0.0,80.0,no,Group study,2–3 hours,Intermediate,5.5,ICT,1,INFP,Yangon,UK;USA;Canada;Singapore,,Internal,0,1,0,1,1,0,0,0,0,0,0,0,0,1,0,0,0
2025/09/28 10:44:07 PM GMT+6:30,Male,2025-09-28,17.0,15-to-20,7–8 → High aptitude,0,1.0,68.0,63.0,94.0,88.0,82.0,0.0,0.0,79.0,no,Self-study,More than 4 hours,Intermediate,4.5,ICT,2,ISFJ,mandalay,USA,oxford,Internal,0,0,0,0,0,0,0,1,0,0,0,0,1,0,0,0,0
2025/09/28 10:59:19 PM GMT+6:30,Female,2007-06-15,18.0,15-to-20,4–6 → Medium aptitude,0,2.0,56.0,54.0,55.0,41.0,40.0,50.0,50.0,49.42857142857143,no,Self-study,More than 4 hours,Beginner,0.0,Math,2,INFP,I have attended Tet Nay Lin,Thailand,,External,0,0,1,0,0,0,0,0,0,0,0,0,1,0,0,0,0
2025/09/28 11:04:51 PM GMT+6:30,Male,2009-09-22,16.0,15-to-20,7–8 → High aptitude,1,1.0,89.0,80.0,0.0,0.0,0.0,0.0,0.0,84.5,yes,Self-study,1–2 hours,Intermediate,7.0,Math,1,INFJ,private online school ,UK;Singapore;Thailand,haven't decide ,External,0,0,1,0,1,0,0,0,0,0,0,0,1,0,0,0,0
2025/09/28 11:14:37 PM GMT+6:30,Female,2009-11-18,16.0,15-to-20,7–8 → High aptitude,1,2.0,86.0,82.0,76.0,85.0,78.0,84.0,0.0,81.83333333333333,yes,Tuition / Extra Classes,1–2 hours,Intermediate,0.0,Science,2,INFP,Mandalay,Singapore,,External,0,1,0,0,0,0,0,0,0,0,0,0,1,0,0,0,0
2025/09/28 11:56:07 PM GMT+6:30,Female,2007-09-23,18.0,15-to-20,4–6 → Medium aptitude,1,2.0,83.0,70.0,0.0,0.0,0.0,75.0,90.0,79.5,no,Self-study,3–4 hours,Intermediate,7.0,Math,0,ENFP,Yangon,Canada,Seneca College,Internal,0,0,1,0,0,0,1,1,0,0,0,0,0,0,0,0,1
2025/09/29 12:13:54 AM GMT+6:30,Female,2008-06-19,17.0,15-to-20,9–10 → Exceptional aptitude,1,2.0,94.0,81.0,95.0,94.0,93.0,83.0,0.0,90.0,yes,Self-study,More than 4 hours,Advanced,0.0,Science,2,ISFJ,Yangon,UK;Singapore,,Internal,0,0,1,0,0,0,1,0,0,0,0,0,0,0,0,1,0
2025/09/29 5:19:31 AM GMT+6:30,Female,2003-03-01,22.0,20-to-30,9–10 → Exceptional aptitude,1,2.0,97.0,95.0,97.0,94.0,0.0,0.0,0.0,95.75,no,Self-study,1–2 hours,Advanced,0.0,Science,2,ESTJ,Mandalay,USA,university of Hawaii at manoa,Internal,0,0,1,0,0,1,0,0,0,0,0,0,1,0,0,0,0
2025/09/29 8:36:29 AM GMT+6:30,Female,2006-05-08,19.0,15-to-20,4–6 → Medium aptitude,1,1.0,97.0,80.0,0.0,96.0,94.0,70.0,0.0,87.4,no,Self-study,1–2 hours,Intermediate,0.0,Science,3,ISTP,Magway,UK;USA;Canada,,Internal,0,1,0,0,0,0,0,0,1,0,0,0,0,0,0,0,0
2025/09/29 10:23:09 AM GMT+6:30,Male,2010-05-25,15.0,10-to-15,7–8 → High aptitude,1,1.0,84.0,90.0,86.0,84.0,98.0,0.0,0.0,88.4,yes,Self-study,1–2 hours,Intermediate,0.0,Math,2,INTJ,Mandalay ,USA,,External,0,0,1,0,0,0,0,0,0,0,0,0,1,0,0,0,0
2025/09/29 10:30:40 AM GMT+6:30,Male,2005-10-11,20.0,15-to-20,4–6 → Medium aptitude,1,2.0,68.0,82.0,0.0,43.0,56.0,0.0,0.0,62.25,yes,Tuition / Extra Classes,More than 4 hours,Intermediate,0.0,ICT,1,ENTJ,Monywa,Thailand,I want to attend,External,0,0,0,0,1,0,0,0,0,0,0,0,1,0,0,0,0
2025/09/29 10:33:00 AM GMT+6:30,Male,2010-02-06,15.0,10-to-15,9–10 → Exceptional aptitude,1,2.0,95.0,85.0,90.0,80.0,85.0,97.0,0.0,88.66666666666667,yes,Self-study,Less than 1 hour,Advanced,0.0,English,1,INTJ,Mandalay,UK;Singapore,Oxford,Internal,0,0,0,1,1,0,0,0,0,0,1,0,0,0,0,0,0
2025/09/29 10:37:51 AM GMT+6:30,Male,2009-02-27,16.0,15-to-20,4–6 → Medium aptitude,0,2.0,91.0,43.0,88.0,30.0,75.0,65.0,0.0,65.33333333333333,yes,Tuition / Extra Classes,1–2 hours,Intermediate,0.0,Math,3,ENTJ,Mandalay,Singapore,,Internal,0,1,0,0,0,0,0,0,0,0,0,0,1,0,0,0,0
2025/09/29 10:38:34 AM GMT+6:30,Female,2006-09-14,19.0,15-to-20,9–10 → Exceptional aptitude,1,2.0,34.0,78.0,0.0,0.0,78.0,30.0,0.0,55.0,yes,Tuition / Extra Classes,1–2 hours,Intermediate,0.0,Physics,1,ISTP,Mandalay,UK,INTO MANCHESTER ,Internal,0,0,0,0,0,0,1,0,0,0,0,0,0,0,0,1,0
2025/09/29 10:38:38 AM GMT+6:30,Male,2009-05-07,16.0,15-to-20,9–10 → Exceptional aptitude,1,1.0,85.0,70.0,0.0,0.0,76.0,76.0,0.0,76.75,yes,Tuition / Extra Classes,2–3 hours,Beginner,0.0,ICT,3,ENTP,Mandalay,Singapore,,External,0,1,0,0,0,0,0,0,0,0,0,0,1,0,0,0,0
2025/09/29 10:38:54 AM GMT+6:30,Female,2008-04-11,17.0,15-to-20,7–8 → High aptitude,1,1.0,76.0,92.0,90.0,68.0,80.0,86.0,0.0,82.0,yes,Self-study,2–3 hours,Intermediate,0.0,English,2,ISFP,GIC,Canada,University of Toronto ,External,0,0,0,0,0,0,0,1,0,1,0,0,0,0,0,0,0
2025/09/29 10:40:31 AM GMT+6:30,Female,2008-09-22,17.0,15-to-20,4–6 → Medium aptitude,1,0.0,96.0,70.0,0.0,0.0,98.0,99.0,0.0,90.75,yes,Self-study,2–3 hours,Beginner,0.0,ICT,1,ISTJ,Mandalay,UK;USA;Canada,,Internal,0,0,0,0,0,0,0,1,0,0,0,0,0,0,0,0,1
2025/09/29 10:40:39 AM GMT+6:30,Female,2009-04-10,16.0,15-to-20,7–8 → High aptitude,1,1.0,90.0,85.0,90.0,85.0,95.0,85.0,75.0,86.42857142857143,yes,Self-study,1–2 hours,Intermediate,0.0,Science,2,INTJ,Pyin Oo Lwin,Canada,Sapienza,External,0,0,0,0,0,0,0,1,0,0,0,0,0,0,0,0,1
2025/09/29 10:41:50 AM GMT+6:30,Male,2008-02-12,17.0,15-to-20,0–3 → Low aptitude,0,2.0,56.0,65.0,0.0,0.0,0.0,86.0,0.0,69.0,no,Self-study,Less than 1 hour,Beginner,0.0,English,1,ESTJ,Yangon,UK,,Internal,0,0,1,0,0,0,0,0,0,0,0,0,0,0,0,0,1
2025/09/29 10:42:20 AM GMT+6:30,Female,2008-05-10,17.0,15-to-20,4–6 → Medium aptitude,1,2.0,72.0,85.0,96.0,91.0,82.0,100.0,70.0,85.14285714285714,no,Tuition / Extra Classes,More than 4 hours,Intermediate,0.0,Business,0,INFJ,Mandalay ,Singapore,nanyang technological university,Internal,0,1,0,0,0,0,0,0,1,0,0,0,0,0,0,0,0
2025/09/29 10:43:10 AM GMT+6:30,Female,2008-10-10,17.0,15-to-20,4–6 → Medium aptitude,1,1.0,90.0,90.0,0.0,0.0,80.0,90.0,0.0,87.5,yes,Tuition / Extra Classes,2–3 hours,Advanced,0.0,Math,1,ISFJ,Mandalay,Singapore,,External,0,1,0,0,0,0,0,0,0,0,0,0,0,0,0,1,0
2025/09/29 10:43:40 AM GMT+6:30,Female,2008-03-18,17.0,15-to-20,7–8 → High aptitude,1,1.0,55.0,95.0,90.0,95.0,90.0,80.0,80.0,83.57142857142857,yes,Self-study,1–2 hours,Intermediate,0.0,English,1,ENTP,Mandalay,UK;USA;Canada,,External,0,1,0,0,0,0,0,0,0,0,0,0,1,0,0,0,0
2025/09/29 10:44:23 AM GMT+6:30,Female,2007-10-12,18.0,15-to-20,7–8 → High aptitude,1,1.0,82.0,83.0,0.0,0.0,0.0,38.0,0.0,67.66666666666667,yes,Tuition / Extra Classes,Less than 1 hour,Intermediate,0.0,English,0,INTP,Mandalay,UK,have not researched ,Internal,0,1,1,0,0,0,0,0,1,0,0,0,0,0,0,0,0
2025/09/29 10:44:34 AM GMT+6:30,Female,2025-09-29,17.0,15-to-20,7–8 → High aptitude,1,2.0,78.0,83.0,0.0,0.0,72.5,69.0,0.0,75.625,no,Self-study,2–3 hours,Advanced,0.0,English,1,ENTP,Mandalay ,Canada,University of Alberta,Internal,0,0,1,0,0,0,0,0,0,0,0,0,0,0,0,0,1
2025/09/29 10:44:36 AM GMT+6:30,Male,2009-12-02,16.0,15-to-20,7–8 → High aptitude,1,1.0,77.0,89.0,90.0,65.0,86.0,87.0,0.0,82.33333333333333,no,Self-study,1–2 hours,Advanced,0.0,ICT,2,ISTJ,Mandalay,Singapore,,Internal,0,0,1,0,0,0,0,0,0,0,0,0,1,0,0,0,0
2025/09/29 10:45:54 AM GMT+6:30,Female,2009-10-16,16.0,15-to-20,7–8 → High aptitude,1,1.0,70.0,60.0,0.0,0.0,0.0,60.0,80.0,67.5,yes,Self-study,1–2 hours,Intermediate,0.0,Math,0,ISTJ,Monywa,Singapore,,Internal,0,1,1,0,0,0,0,0,0,1,0,0,0,0,0,0,0
2025/09/29 10:47:23 AM GMT+6:30,Male,2009-02-27,16.0,15-to-20,4–6 → Medium aptitude,0,2.0,88.0,44.5,0.0,45.0,76.0,70.0,0.0,64.7,yes,Group study,1–2 hours,Beginner,0.0,Math,3,ENTJ,mandalay,Canada,,Internal,1,0,0,0,0,0,0,0,0,0,0,0,1,0,0,0,0
2025/09/29 10:51:15 AM GMT+6:30,Male,2007-08-03,18.0,15-to-20,4–6 → Medium aptitude,0,2.0,60.0,80.0,0.0,50.0,40.0,60.0,45.0,55.833333333333336,yes,Tuition / Extra Classes,More than 4 hours,Intermediate,0.0,English,0,ISFJ,Mandalay,USA,Harvard,External,0,0,1,0,0,0,0,0,0,0,0,0,1,0,0,0,0
2025/09/29 10:52:02 AM GMT+6:30,Female,2009-07-23,16.0,15-to-20,9–10 → Exceptional aptitude,1,2.0,75.0,80.0,0.0,70.0,75.0,65.0,0.0,73.0,yes,Tuition / Extra Classes,2–3 hours,Intermediate,0.0,Math,0,ISFP,Mandalay,Singapore,SIM,External,1,1,0,0,0,0,0,1,1,0,0,0,0,0,0,0,0
2025/09/29 10:52:48 AM GMT+6:30,Female,2007-03-14,18.0,15-to-20,9–10 → Exceptional aptitude,0,2.0,85.0,45.0,83.0,95.0,89.0,85.0,0.0,80.33333333333333,yes,Self-study,2–3 hours,Intermediate,0.0,Math,3,ISTJ,Mandalay,Singapore,poly,Internal,1,0,0,0,0,0,0,0,0,0,0,0,1,0,0,0,0
2025/09/29 11:11:05 AM GMT+6:30,Male,2008-01-10,17.0,15-to-20,7–8 → High aptitude,0,0.0,95.0,70.0,0.0,80.0,82.0,0.0,73.0,80.0,yes,Self-study,2–3 hours,Intermediate,0.0,Math,3,ISFJ,Yangon,USA,,External,1,0,0,0,0,0,0,1,0,0,0,1,0,0,0,0,0
2025/09/29 12:09:45 PM GMT+6:30,Female,2008-03-16,17.0,15-to-20,4–6 → Medium aptitude,1,2.0,60.0,65.0,0.0,0.0,70.0,70.0,0.0,66.25,yes,Self-study,2–3 hours,Intermediate,0.0,Math,1,ISFJ,Mandalay,Canada,,External,0,0,0,0,1,0,0,0,0,0,0,0,1,0,0,0,0
2025/09/29 1:54:02 PM GMT+6:30,Female,1990-03-20,17.0,15-to-20,4–6 → Medium aptitude,1,2.0,56.0,62.0,0.0,74.0,78.0,0.0,82.0,70.4,no,Self-study,2–3 hours,Advanced,0.0,Business,0,INTP,Mandalay ,Singapore,NUS,External,0,0,0,0,0,0,0,1,0,0,0,0,0,0,0,1,0
2025/09/29 2:00:43 PM GMT+6:30,Female,2007-06-19,18.0,15-to-20,9–10 → Exceptional aptitude,1,2.0,95.0,64.0,0.0,0.0,92.0,91.0,90.0,86.4,no,Self-study,More than 4 hours,Intermediate,0.0,Physics,3,ISTP,Online,Singapore,Singapore Polytechnic ,External,1,0,0,0,0,0,0,0,0,0,0,1,0,0,0,0,0
2025/09/29 2:03:12 PM GMT+6:30,Male,2003-07-11,22.0,20-to-30,4–6 → Medium aptitude,1,2.0,95.0,95.0,90.0,90.0,93.0,95.0,93.0,93.0,no,Self-study,1–2 hours,Advanced,0.0,Science,0,INFP,Mandalay,USA,,Internal,0,0,1,0,0,0,0,0,0,0,0,0,1,0,0,0,0
2025/09/29 2:13:30 PM GMT+6:30,Female,2004-05-05,21.0,20-to-30,7–8 → High aptitude,1,2.0,70.0,72.0,90.0,90.0,70.0,68.0,70.0,75.71428571428571,no,Tuition / Extra Classes,2–3 hours,Beginner,0.0,Chemistry,2,ISFP,Mandalay,Canada;Thailand,"McGill University,Chulalongkorn University",Internal,0,0,0,0,0,0,0,1,0,0,0,0,1,0,0,0,0
2025/09/29 3:01:42 PM GMT+6:30,Male,2008-01-28,17.0,15-to-20,4–6 → Medium aptitude,1,2.0,93.0,90.0,90.0,94.0,98.0,0.0,0.0,93.0,no,Self-study,3–4 hours,Advanced,0.0,Chemistry,2,INTJ,Mandalay,UK,,Internal,0,0,0,0,0,0,0,1,0,0,0,0,0,0,0,0,1
2025/09/29 3:42:59 PM GMT+6:30,Female,2007-01-07,18.0,15-to-20,9–10 → Exceptional aptitude,0,2.0,78.0,94.0,0.0,0.0,0.0,0.0,0.0,86.0,yes,Self-study,More than 4 hours,Beginner,0.0,English,1,ISFJ,Mandalay ,UK;USA,parsons school of design,Internal,0,1,0,0,0,0,0,0,1,0,0,0,0,0,0,0,0
2025/09/29 5:35:05 PM GMT+6:30,Female,1999-10-21,26.0,20-to-30,7–8 → High aptitude,0,1.0,50.0,42.0,0.0,42.0,43.0,0.0,0.0,44.25,no,Self-study,2–3 hours,Intermediate,0.0,English,0,INFJ,Mandalay ,Canada,,Internal,1,1,1,0,0,0,0,0,1,0,0,0,0,0,0,0,0
2025/09/29 5:50:02 PM GMT+6:30,Female,2005-06-03,20.0,15-to-20,9–10 → Exceptional aptitude,1,1.0,80.0,75.0,90.0,90.0,90.0,0.0,0.0,85.0,no,Self-study,2–3 hours,Intermediate,0.0,English,2,ISTJ,Mandalay ,Thailand,I really want to get scholar with acupuncture to china.,External,0,0,1,0,0,0,1,1,0,0,0,0,1,0,0,0,0
2025/09/29 7:24:10 PM GMT+6:30,Female,2002-06-29,23.0,20-to-30,7–8 → High aptitude,0,1.0,80.0,61.0,89.0,80.0,66.0,0.0,0.0,75.2,no,Self-study,2–3 hours,Beginner,0.0,English,2,ISTJ,Hteegyaint ,Thailand,No,External,0,0,0,0,0,0,0,1,0,0,0,0,1,0,0,0,0
2025/09/29 8:21:30 PM GMT+6:30,Male,2007-03-25,18.0,15-to-20,4–6 → Medium aptitude,1,2.0,83.0,88.0,0.0,0.0,89.0,89.0,0.0,87.25,no,Self-study,2–3 hours,Intermediate,0.0,Math,1,INFJ,Mandalay,Singapore,Attending Republic Poly now and would love to attend Either NTU or NUS from Singapore,Internal,0,0,1,0,1,0,1,0,0,0,0,0,0,0,0,0,1
2025/09/29 9:02:34 PM GMT+6:30,Male,2006-03-03,19.0,15-to-20,7–8 → High aptitude,0,1.0,89.0,62.0,54.0,68.0,72.0,92.0,71.0,72.57142857142857,no,Tuition / Extra Classes,2–3 hours,Beginner,0.0,Math,1,ENTJ,AGTI (KyauKsae),Canada,Toronto University ,Internal,0,0,0,0,1,0,0,0,0,0,0,0,0,1,0,0,0
2025/09/29 10:17:22 PM GMT+6:30,Female,2003-08-22,22.0,20-to-30,4–6 → Medium aptitude,1,1.0,68.0,68.0,44.0,72.0,66.0,81.0,66.0,66.42857142857143,no,Self-study,2–3 hours,Intermediate,5.0,English,0,INFJ,Mandalay,UK,Uclan,Internal,0,1,1,0,0,0,1,0,0,0,0,0,0,0,0,1,0
2025/09/29 10:28:50 PM GMT+6:30,Female,2009-03-09,16.0,15-to-20,4–6 → Medium aptitude,1,2.0,60.0,80.0,89.0,0.0,0.0,80.0,70.0,75.8,yes,Self-study,Less than 1 hour,Intermediate,0.0,Business,0,ISFJ,Mdy,UK;Canada,,External,0,0,1,0,0,0,1,0,0,0,0,0,0,0,0,1,0
2025/09/29 10:30:36 PM GMT+6:30,Female,2003-06-04,22.0,20-to-30,4–6 → Medium aptitude,1,1.0,50.0,60.0,0.0,60.0,68.0,0.0,70.0,61.6,no,Tuition / Extra Classes,More than 4 hours,Intermediate,0.0,English,0,ISFJ,"No1 Basic Education High School, Sagaing",Thailand,DPU,External,0,0,0,0,0,0,1,0,0,0,0,0,1,0,0,0,0
2025/09/29 11:51:32 PM GMT+6:30,Male,2007-08-21,18.0,15-to-20,9–10 → Exceptional aptitude,1,2.0,83.0,60.0,0.0,0.0,75.0,73.0,0.0,72.75,no,Tuition / Extra Classes,3–4 hours,Intermediate,6.5,Math,3,INTP,Chaing Mai,Thailand,Chulalongkorn University,Internal,0,1,0,0,0,0,0,0,0,0,0,0,1,0,0,0,0
2025/09/30 12:56:55 AM GMT+6:30,Female,2006-08-20,19.0,15-to-20,4–6 → Medium aptitude,1,1.0,80.0,50.0,0.0,75.0,70.0,80.0,0.0,71.0,no,Self-study,1–2 hours,Intermediate,0.0,Math,3,ISFP,Mandalay ,USA;Canada,,Internal,0,1,1,0,0,0,0,0,0,0,0,0,1,0,0,0,0
2025/09/30 7:01:39 AM GMT+6:30,Male,2000-02-17,25.0,20-to-30,9–10 → Exceptional aptitude,0,1.0,85.0,79.0,97.0,93.0,70.0,0.0,0.0,84.8,no,Self-study,Less than 1 hour,Intermediate,6.0,ICT,1,ESTJ,Mahlaing,UK;Canada,"UK Wolver, Now, attending BSc for CS at Wolver",Internal,0,0,0,0,0,0,1,1,0,0,0,0,0,0,0,0,1
2025/09/30 7:57:05 AM GMT+6:30,Female,2008-03-09,17.0,15-to-20,9–10 → Exceptional aptitude,1,1.0,89.0,81.0,0.0,93.0,92.0,91.0,0.0,89.2,no,Self-study,3–4 hours,Advanced,0.0,Physics,3,ISFP,Mandalay ,Singapore,,Internal,0,0,0,0,0,0,1,0,0,0,0,0,1,0,0,0,0
2025/09/30 1:17:05 PM GMT+6:30,Male,2009-03-30,16.0,15-to-20,4–6 → Medium aptitude,0,1.0,70.0,60.0,0.0,0.0,0.0,65.0,87.0,70.5,yes,Self-study,1–2 hours,Intermediate,6.0,Business,0,INFP,Mdy,UK,New castle ,External,0,1,0,0,0,0,0,0,1,0,0,0,0,0,0,0,0
2025/09/30 1:19:22 PM GMT+6:30,Female,2006-12-27,19.0,15-to-20,7–8 → High aptitude,1,2.0,98.0,63.0,0.0,89.0,92.0,100.0,0.0,88.4,yes,Self-study,More than 4 hours,Intermediate,0.0,Physics,3,ESFJ,Pakokku,Canada,Toronto ,Internal,1,0,0,0,0,1,0,1,0,0,0,0,1,0,0,0,0
2025/09/30 1:22:42 PM GMT+6:30,Female,2008-04-07,17.0,15-to-20,4–6 → Medium aptitude,1,1.0,40.0,80.0,0.0,0.0,49.0,50.0,0.0,54.75,yes,Tuition / Extra Classes,2–3 hours,Intermediate,0.0,English,1,INTP,Mandalay,Singapore,,Internal,1,1,0,0,1,0,0,0,0,0,0,0,1,0,0,0,0
2025/09/30 1:22:50 PM GMT+6:30,Male,2009-11-12,16.0,15-to-20,7–8 → High aptitude,1,1.0,50.0,80.0,80.0,90.0,60.0,60.0,0.0,70.0,yes,Group study,Less than 1 hour,Advanced,0.0,Chemistry,2,ENFP,Mandalay,UK,Oxford University,Internal,0,0,1,0,1,0,1,0,0,0,0,0,0,0,1,0,0
2025/09/30 1:23:09 PM GMT+6:30,Female,2009-04-19,16.0,15-to-20,7–8 → High aptitude,1,2.0,40.0,95.0,50.0,80.0,50.0,50.0,0.0,60.833333333333336,yes,Tuition / Extra Classes,1–2 hours,Advanced,0.0,English,2,ENFP,Mandalay,UK,king's college london,External,0,1,1,0,0,1,0,0,1,0,0,0,0,0,0,0,0
2025/09/30 1:23:38 PM GMT+6:30,Female,2009-06-25,16.0,15-to-20,7–8 → High aptitude,1,2.0,95.0,79.0,0.0,87.0,92.0,78.0,0.0,86.2,yes,Self-study,3–4 hours,Intermediate,0.0,Math,3,ISTP,Mandalay,Canada,NTU,Internal,1,0,1,0,0,0,0,0,0,0,0,1,0,0,0,0,0
2025/09/30 1:23:55 PM GMT+6:30,Male,2009-11-11,16.0,15-to-20,4–6 → Medium aptitude,1,1.0,60.0,72.0,66.0,81.0,64.0,71.0,0.0,69.0,yes,Tuition / Extra Classes,1–2 hours,Intermediate,0.0,Physics,2,ESFP,Mandalay,UK,,Internal,0,0,0,0,0,1,0,0,0,0,0,0,1,0,0,0,0
2025/09/30 1:27:26 PM GMT+6:30,Male,2008-09-01,17.0,15-to-20,7–8 → High aptitude,1,1.0,80.0,80.0,0.0,75.0,75.0,75.0,0.0,77.0,yes,Tuition / Extra Classes,3–4 hours,Advanced,0.0,Physics,3,INFP,Mandalay,UK,Oxford,Internal,0,1,1,0,0,0,0,0,0,0,0,0,0,0,1,0,0
2025/09/30 1:29:19 PM GMT+6:30,Female,2009-05-07,16.0,15-to-20,9–10 → Exceptional aptitude,1,2.0,80.0,98.0,0.0,90.0,78.0,80.0,0.0,85.2,yes,Self-study,2–3 hours,Advanced,0.0,English,3,ENFJ,Mandalay,Singapore,NUS,Internal,0,1,0,0,0,0,0,0,0,1,0,0,0,0,0,0,0
2025/09/30 1:34:17 PM GMT+6:30,Female,2007-08-03,18.0,15-to-20,4–6 → Medium aptitude,1,1.0,85.0,79.0,0.0,93.0,90.0,59.0,0.0,81.2,yes,Self-study,1–2 hours,Intermediate,0.0,Chemistry,3,INFJ,Mandalay,Canada,Haven’t choose yet,Internal,0,1,1,0,0,0,0,0,1,0,0,0,0,0,0,0,0
2025/09/30 1:40:58 PM GMT+6:30,Female,2007-08-01,18.0,15-to-20,7–8 → High aptitude,0,2.0,73.0,72.0,92.0,78.0,67.0,80.0,79.0,77.28571428571429,yes,Self-study,Less than 1 hour,Advanced,0.0,Science,2,ENTJ,"60th street, between 40×41",UK;USA,,External,0,1,1,0,0,0,0,0,0,1,0,0,0,0,0,0,0
2025/09/30 1:55:20 PM GMT+6:30,Female,2009-08-07,16.0,15-to-20,7–8 → High aptitude,1,2.0,65.0,91.0,85.0,82.0,76.0,63.0,96.0,79.71428571428571,yes,Self-study,2–3 hours,Intermediate,0.0,English,0,ISTJ,Mandalay,UK;USA,,Internal,0,0,1,0,0,0,0,0,0,1,0,0,0,0,0,0,0
2025/09/30 2:04:25 PM GMT+6:30,Female,2025-09-30,17.0,15-to-20,7–8 → High aptitude,1,1.0,98.0,84.0,96.0,88.0,92.0,88.0,78.0,89.14285714285714,yes,Tuition / Extra Classes,3–4 hours,Intermediate,0.0,Physics,3,ENTJ,GIC,UK;Canada;Thailand,Oxford ,Internal,1,0,1,0,0,1,0,0,0,0,0,0,0,0,0,1,0
2025/09/30 3:34:21 PM GMT+6:30,Female,2008-12-15,17.0,15-to-20,4–6 → Medium aptitude,0,1.0,60.0,50.0,0.0,0.0,0.0,50.0,65.0,56.25,yes,Self-study,3–4 hours,Intermediate,0.0,Business,0,ESFP,Mandalay ,UK;Canada,Oxford University ,Internal,0,0,1,0,0,0,1,0,0,1,0,0,0,0,0,0,0
2025/09/30 4:56:30 PM GMT+6:30,Female,2007-10-23,18.0,15-to-20,7–8 → High aptitude,1,2.0,70.0,70.0,50.0,90.0,60.0,95.0,0.0,72.5,yes,Tuition / Extra Classes,Less than 1 hour,Intermediate,0.0,ICT,1,ENFP,Mandalay ,UK;USA,MIT ,Internal,0,0,0,0,1,0,0,0,0,0,0,0,1,0,0,0,0
2025/09/30 6:38:23 PM GMT+6:30,Male,2008-03-07,17.0,15-to-20,9–10 → Exceptional aptitude,1,1.0,89.0,76.0,79.0,80.0,86.0,85.0,0.0,82.5,yes,Self-study,1–2 hours,Intermediate,0.0,Math,1,INFJ,Mandalay,UK;Canada;Singapore,,Internal,0,0,0,0,1,0,0,0,0,0,0,0,0,1,0,0,0
2025/09/30 6:44:36 PM GMT+6:30,Female,2007-07-19,18.0,15-to-20,4–6 → Medium aptitude,0,2.0,100.0,78.0,97.0,95.0,85.0,91.0,0.0,91.0,yes,Self-study,1–2 hours,Intermediate,0.0,Math,2,INFJ,Mandalay,Canada,Toronto ,Internal,0,0,1,0,0,0,0,0,0,0,0,0,0,0,0,1,0
2025/09/30 7:16:03 PM GMT+6:30,Male,2007-09-18,18.0,15-to-20,7–8 → High aptitude,1,2.0,95.0,93.0,91.0,0.0,0.0,98.0,0.0,94.25,no,Self-study,3–4 hours,Advanced,8.5,Science,0,INFP,Mandalay,Canada,,External,0,0,0,0,0,0,0,1,0,0,0,0,0,0,0,0,1
2025/09/30 7:43:21 PM GMT+6:30,Male,2011-06-17,14.0,10-to-15,4–6 → Medium aptitude,0,2.0,76.0,50.0,80.0,80.0,85.0,80.0,80.0,75.85714285714286,yes,Self-study,1–2 hours,Intermediate,0.0,Business,0,INTJ,Yangoon,UK,Probably Cambridge or oxford ,Internal,0,0,0,0,0,0,1,0,0,0,0,0,0,0,0,0,1
2025/09/30 7:47:13 PM GMT+6:30,Male,2008-12-01,17.0,15-to-20,4–6 → Medium aptitude,0,1.0,80.0,95.0,80.0,60.0,60.0,34.0,80.0,69.85714285714286,yes,Self-study,1–2 hours,Advanced,0.0,English,1,INFJ,North Dagon,USA;Canada,,Internal,1,0,0,0,0,0,1,0,0,0,0,0,1,0,0,0,0
2025/09/30 7:48:44 PM GMT+6:30,Female,2008-09-30,17.0,15-to-20,7–8 → High aptitude,1,1.0,83.0,80.0,0.0,0.0,0.0,100.0,95.0,89.5,yes,Tuition / Extra Classes,More than 4 hours,Intermediate,0.0,Business,0,ENFJ,Yangon ,Canada,.,Internal,0,0,0,0,0,0,1,0,0,0,0,0,1,0,0,0,0
2025/09/30 7:55:20 PM GMT+6:30,Male,2010-05-23,15.0,10-to-15,4–6 → Medium aptitude,1,2.0,95.0,75.0,0.0,79.0,95.0,92.0,0.0,87.2,yes,Tuition / Extra Classes,Less than 1 hour,Advanced,0.0,Physics,3,ENFP,Monywa,UK;Singapore,,Internal,1,1,1,0,1,0,1,0,0,0,0,0,1,0,0,0,0
2025/09/30 7:57:42 PM GMT+6:30,Female,2010-08-08,15.0,10-to-15,7–8 → High aptitude,1,1.0,75.0,90.0,75.0,75.0,80.0,70.0,0.0,77.5,yes,Self-study,1–2 hours,Intermediate,0.0,ICT,1,INTJ,Mandalay,USA;Canada,I don’t have one yet,Internal,0,1,1,0,0,0,0,0,0,0,0,0,1,0,0,0,0
2025/09/30 8:02:08 PM GMT+6:30,Female,2008-08-24,17.0,15-to-20,9–10 → Exceptional aptitude,1,1.0,90.0,76.0,0.0,0.0,70.0,70.0,0.0,76.5,yes,Self-study,1–2 hours,Intermediate,0.0,Math,2,INTJ,Mandalay,UK,University of Bristol ,External,0,0,1,0,0,0,0,0,0,0,0,0,1,0,0,0,0
2025/09/30 8:03:47 PM GMT+6:30,Male,2009-09-28,16.0,15-to-20,7–8 → High aptitude,1,1.0,70.0,85.0,0.0,0.0,0.0,0.0,0.0,77.5,no,Self-study,Less than 1 hour,Intermediate,0.0,Business,0,INFJ,Mandalay,Singapore,Polytechnic ,Internal,0,0,0,0,0,0,0,1,0,0,0,0,0,0,0,0,1
2025/09/30 8:04:18 PM GMT+6:30,Female,2009-04-06,16.0,15-to-20,7–8 → High aptitude,1,1.0,74.0,75.0,85.0,65.0,64.0,70.0,95.0,75.42857142857143,yes,Self-study,1–2 hours,Intermediate,0.0,English,0,ENFP,Mandalay,Singapore,NUS,Internal,0,1,0,0,0,0,0,0,0,0,0,0,1,0,0,0,0
2025/09/30 8:04:54 PM GMT+6:30,Male,2006-10-30,19.0,15-to-20,9–10 → Exceptional aptitude,1,1.0,80.0,65.0,0.0,90.0,95.0,70.0,65.0,77.5,no,Self-study,2–3 hours,Intermediate,0.0,Physics,3,ISTJ,Mandalay,Canada,Carleton or waterloo,External,0,0,0,0,0,1,0,0,0,0,0,0,0,0,0,0,1
2025/09/30 8:07:47 PM GMT+6:30,Male,2006-06-15,19.0,15-to-20,9–10 → Exceptional aptitude,1,1.0,93.0,97.0,88.0,88.0,96.0,99.0,0.0,93.5,yes,Self-study,Less than 1 hour,Advanced,0.0,Math,0,ENFJ,Mandalay ,UK;Canada,,Internal,1,1,1,0,0,0,1,0,1,0,0,0,0,0,0,0,0
2025/09/30 8:10:26 PM GMT+6:30,Male,2009-05-14,16.0,15-to-20,9–10 → Exceptional aptitude,1,1.0,95.0,80.0,0.0,85.0,93.0,82.0,0.0,87.0,yes,Self-study,Less than 1 hour,Intermediate,0.0,Math,3,INTP,Mandalay ,UK;Singapore,,Internal,1,0,0,0,0,0,0,0,0,0,0,0,1,0,0,0,0
2025/09/30 8:12:07 PM GMT+6:30,Male,2008-09-15,17.0,15-to-20,7–8 → High aptitude,1,1.0,98.6,95.5,0.0,0.0,85.0,80.0,0.0,89.775,yes,Self-study,More than 4 hours,Advanced,0.0,Math,1,ISTJ,Yangon,Singapore,National university of Singapore ,Internal,0,0,0,1,1,0,0,0,0,0,0,0,1,0,0,0,0
2025/09/30 8:12:44 PM GMT+6:30,Male,1998-10-28,27.0,20-to-30,4–6 → Medium aptitude,1,1.0,60.0,44.0,69.0,44.0,74.0,70.0,70.0,61.57142857142857,no,Tuition / Extra Classes,2–3 hours,Intermediate,0.0,Physics,1,ISFP,Yangon,UK,,Internal,0,0,1,1,1,1,0,0,0,0,0,0,1,0,0,0,0
2025/09/30 8:14:10 PM GMT+6:30,Male,2009-06-03,16.0,15-to-20,7–8 → High aptitude,0,1.0,90.0,78.0,80.0,85.0,90.0,0.0,0.0,84.6,yes,Self-study,1–2 hours,Intermediate,0.0,Math,1,ISTJ,Yangon ,UK;Singapore;Thailand,,External,0,1,0,0,0,0,0,0,1,0,0,0,0,0,0,0,0
2025/09/30 8:16:30 PM GMT+6:30,Female,2025-09-30,17.0,15-to-20,9–10 → Exceptional aptitude,1,1.0,50.0,68.0,0.0,0.0,0.0,95.0,88.0,75.25,yes,Tuition / Extra Classes,2–3 hours,Intermediate,0.0,Business,0,ENTJ,Yangon ,UK;Canada,"RMIT, Torrens University, Queensland University of Technology ",Internal,0,0,1,0,0,0,0,0,0,0,0,0,1,0,0,0,0
2025/09/30 8:18:25 PM GMT+6:30,Male,2007-10-24,18.0,15-to-20,7–8 → High aptitude,1,2.0,90.0,70.0,0.0,80.0,80.0,99.0,0.0,83.8,yes,Self-study,2–3 hours,Intermediate,0.0,Math,1,ISTJ,Mandalay,UK,Oxford,Internal,0,0,0,0,0,0,1,0,0,0,0,0,0,0,0,1,0
2025/09/30 8:20:39 PM GMT+6:30,Female,1995-02-27,30.0,20-to-30,7–8 → High aptitude,1,2.0,57.0,68.0,65.0,78.0,65.0,0.0,0.0,66.6,no,Tuition / Extra Classes,More than 4 hours,Intermediate,0.0,ICT,1,INFP,BEHS.SaLinGyi,UK;USA;Singapore,University of Greenwich ,External,0,0,1,1,1,0,1,0,0,1,0,0,0,0,0,0,0
2025/09/30 8:22:05 PM GMT+6:30,Male,2010-01-27,15.0,10-to-15,9–10 → Exceptional aptitude,1,1.0,82.0,87.0,0.0,83.0,73.0,84.0,0.0,81.8,yes,Tuition / Extra Classes,Less than 1 hour,Intermediate,8.0,Math,1,INTP,Mandalay,Singapore,NUS,Internal,0,1,0,1,1,0,0,0,0,0,0,0,0,1,0,0,0
2025/09/30 8:27:55 PM GMT+6:30,Female,2007-10-28,18.0,15-to-20,9–10 → Exceptional aptitude,1,1.0,60.0,75.0,0.0,0.0,60.0,82.0,0.0,69.25,yes,Self-study,3–4 hours,Intermediate,0.0,ICT,1,ISFJ,MANDALAY,UK,"University of Edinburgh, University of Glasgow, Cardiff University",Internal,0,0,1,0,0,0,0,0,0,0,0,0,0,0,0,0,1
2025/09/30 8:34:42 PM GMT+6:30,Female,1998-04-29,27.0,20-to-30,7–8 → High aptitude,1,1.0,82.0,70.0,60.0,87.0,84.0,0.0,0.0,76.6,no,Tuition / Extra Classes,2–3 hours,Intermediate,0.0,ICT,1,INTP,Yangon,UK;USA;Canada,,Internal,0,1,0,1,1,0,0,0,0,0,0,0,1,0,0,0,0
2025/09/30 8:40:48 PM GMT+6:30,Male,2004-12-10,21.0,20-to-30,9–10 → Exceptional aptitude,1,0.0,98.0,65.0,74.0,88.0,60.0,77.0,82.0,77.71428571428571,no,Self-study,2–3 hours,Intermediate,0.0,Math,3,ISFP,STI MyanmarCollege Mandalay,UK;Canada,University of Manchester ,Internal,1,0,1,0,0,0,0,0,0,0,0,0,1,0,0,0,0
2025/09/30 8:43:03 PM GMT+6:30,Female,2009-12-17,16.0,15-to-20,9–10 → Exceptional aptitude,1,1.0,98.0,87.0,96.0,94.0,85.0,94.0,0.0,92.33333333333333,yes,Self-study,More than 4 hours,Intermediate,0.0,Math,2,INFJ,Mandalay,UK;Singapore,"University of Bristol, University of St Andrews, University of Glasgow, Oxford University and National University of Singapore",Internal,0,1,1,0,1,0,0,1,0,0,0,0,0,0,1,0,0
2025/09/30 8:44:52 PM GMT+6:30,Female,1999-11-06,26.0,20-to-30,4–6 → Medium aptitude,1,2.0,75.0,75.0,75.0,75.0,75.0,0.0,0.0,75.0,no,Tuition / Extra Classes,More than 4 hours,Intermediate,0.0,Math,0,ISFJ,Sagaing Division,UK,,External,0,0,0,0,0,0,0,1,0,0,0,0,0,0,0,0,1
2025/09/30 8:45:21 PM GMT+6:30,Female,2009-11-11,16.0,15-to-20,7–8 → High aptitude,1,2.0,93.0,96.0,99.0,97.0,90.0,98.0,0.0,95.5,yes,Self-study,2–3 hours,Advanced,0.0,Science,2,INFJ,Monywa,UK;USA;Canada,"Harvard, Oxford, Toronto, Imperial College",External,0,0,1,0,0,1,1,0,0,0,0,0,1,0,0,0,0
2025/09/30 8:45:22 PM GMT+6:30,Male,2006-01-30,19.0,15-to-20,9–10 → Exceptional aptitude,1,0.0,70.0,90.0,0.0,0.0,0.0,0.0,0.0,80.0,yes,Tuition / Extra Classes,3–4 hours,Advanced,8.0,ICT,1,ENFP,Mandalay,Singapore,NUS,External,1,0,1,0,0,0,0,0,0,0,0,1,0,0,0,0,0
2025/09/30 8:52:53 PM GMT+6:30,Female,2008-05-28,17.0,15-to-20,7–8 → High aptitude,1,1.0,95.0,80.0,0.0,0.0,97.0,0.0,0.0,90.66666666666667,yes,Self-study,1–2 hours,Advanced,0.0,English,1,ENFP,Mandalay,Canada,,Internal,1,0,0,0,0,0,1,1,0,0,0,0,0,0,0,1,0
2025/09/30 8:56:31 PM GMT+6:30,Male,2006-09-18,19.0,15-to-20,9–10 → Exceptional aptitude,0,2.0,96.0,65.0,0.0,96.0,94.0,92.0,0.0,88.6,no,Self-study,1–2 hours,Intermediate,0.0,Math,3,INFJ,Singapore,Singapore,"Singapore Polytechnic (currently), NTU and NUS in the future",External,0,0,0,0,0,0,1,1,0,0,0,0,0,0,0,1,1
2025/09/30 8:57:58 PM GMT+6:30,Male,2002-12-25,23.0,20-to-30,9–10 → Exceptional aptitude,0,2.0,80.0,80.0,0.0,80.0,80.0,85.0,0.0,81.0,no,Self-study,Less than 1 hour,Advanced,0.0,Physics,0,ENTP,Yangon,UK,,Internal,0,1,0,0,0,0,0,0,1,0,0,0,0,0,0,0,0
2025/09/30 9:01:41 PM GMT+6:30,Female,2007-02-05,18.0,15-to-20,9–10 → Exceptional aptitude,1,1.0,86.0,95.0,0.0,67.0,69.0,65.0,0.0,76.4,no,Self-study,More than 4 hours,Intermediate,0.0,English,3,INFJ,Bago,UK;Singapore,I am currently attending polytechnic in Singapore and for UK I am not sure which one I want to study in.,Internal,0,1,0,0,1,0,1,0,1,0,0,1,1,0,0,0,0
2025/09/30 9:02:39 PM GMT+6:30,Male,2001-07-22,24.0,20-to-30,9–10 → Exceptional aptitude,1,0.0,81.0,69.0,78.0,80.0,80.0,0.0,0.0,77.6,no,Self-study,1–2 hours,Beginner,0.0,English,1,INFJ,Taunggyi,Thailand,,Internal,0,1,0,0,0,0,0,0,0,0,0,0,0,0,1,0,0
2025/09/30 9:07:43 PM GMT+6:30,Male,,17.0,15-to-20,7–8 → High aptitude,0,1.0,42.0,85.0,76.0,86.0,64.0,91.0,0.0,74.0,no,Tuition / Extra Classes,1–2 hours,Advanced,0.0,Physics,1,ENTJ,Mandalay,USA,,Internal,0,0,0,0,0,1,1,0,0,0,0,0,1,0,0,0,0
2025/09/30 9:08:51 PM GMT+6:30,Female,2009-11-24,16.0,15-to-20,7–8 → High aptitude,0,1.0,50.0,70.0,0.0,0.0,0.0,0.0,0.0,60.0,yes,Self-study,Less than 1 hour,Intermediate,0.0,Science,1,ENFJ,Mandalay,UK;USA,,External,0,0,1,0,0,0,0,0,0,0,0,0,1,0,0,0,0
2025/09/30 9:49:16 PM GMT+6:30,Female,2008-06-11,17.0,15-to-20,9–10 → Exceptional aptitude,1,1.0,73.0,97.0,0.0,0.0,80.0,83.0,0.0,83.25,yes,Self-study,2–3 hours,Intermediate,0.0,English,1,ENFP,Yangon,UK;Singapore,,External,0,1,1,0,0,0,1,0,0,1,0,0,0,0,0,1,0
2025/09/30 9:59:54 PM GMT+6:30,Female,2009-08-27,16.0,15-to-20,7–8 → High aptitude,1,2.0,73.0,90.0,86.0,75.0,82.5,80.0,80.0,80.92857142857143,yes,Tuition / Extra Classes,More than 4 hours,Intermediate,0.0,Science,0,INTJ,Mandalay,UK,,External,1,1,0,0,0,0,0,0,1,0,0,0,0,0,1,0,0
2025/09/30 10:11:50 PM GMT+6:30,Male,2005-09-23,20.0,15-to-20,4–6 → Medium aptitude,0,1.0,84.0,87.0,0.0,0.0,0.0,85.0,80.0,84.0,yes,Self-study,3–4 hours,Intermediate,0.0,ICT,1,ENFP,Chanmyatharzi,UK;Canada,coventry,Internal,0,0,1,0,0,0,0,0,0,1,0,0,0,0,0,0,0
2025/09/30 10:21:24 PM GMT+6:30,Male,2001-12-19,24.0,20-to-30,4–6 → Medium aptitude,1,1.0,90.0,73.0,89.0,90.0,75.0,0.0,0.0,83.4,no,Self-study,Less than 1 hour,Intermediate,0.0,Business,0,ISTJ,Mandalay,USA,Middlesex University,External,0,0,1,0,0,0,0,0,0,1,0,0,0,0,0,0,0
2025/09/30 10:45:32 PM GMT+6:30,Male,2025-09-01,17.0,15-to-20,7–8 → High aptitude,0,1.0,60.0,78.0,70.0,70.0,74.0,80.0,0.0,72.0,no,Self-study,Less than 1 hour,Intermediate,6.5,ICT,1,ISTJ,Yangon,UK;USA,I want to attend : Massachusetts Institute of Technology (MIT),Internal,0,1,0,0,1,0,0,0,1,0,0,0,0,0,0,0,1
2025/09/30 10:58:04 PM GMT+6:30,Male,2008-09-03,17.0,15-to-20,7–8 → High aptitude,1,2.0,85.0,70.0,90.0,83.0,78.0,90.0,0.0,82.66666666666667,yes,Self-study,2–3 hours,Intermediate,0.0,English,2,INFJ,Mandalay ,UK,Cambridge ,External,1,1,1,0,0,0,1,0,0,0,0,1,0,0,0,1,0
2025/09/30 11:08:32 PM GMT+6:30,Female,2009-01-01,16.0,15-to-20,9–10 → Exceptional aptitude,1,2.0,60.0,90.0,0.0,0.0,0.0,90.0,90.0,82.5,yes,Self-study,2–3 hours,Intermediate,0.0,ICT,0,INTP,Mandalay,Canada,,Internal,0,1,1,0,0,0,1,0,1,1,0,0,0,0,0,1,0
2025/09/30 11:14:49 PM GMT+6:30,Female,2008-06-15,17.0,15-to-20,9–10 → Exceptional aptitude,1,2.0,89.0,65.0,90.0,93.0,95.0,85.0,0.0,86.16666666666667,yes,Tuition / Extra Classes,More than 4 hours,Advanced,0.0,Math,3,INFJ,Helix international school,Singapore,,External,1,1,1,1,1,1,1,1,1,1,1,1,0,1,1,1,1
2025/09/30 11:33:26 PM GMT+6:30,Female,2009-02-28,16.0,15-to-20,7–8 → High aptitude,1,1.0,78.0,80.0,99.0,98.0,97.0,0.0,0.0,90.4,yes,Self-study,3–4 hours,Intermediate,0.0,Science,2,INFJ,GIC,Canada;Singapore,-,Internal,0,0,0,0,0,0,0,1,0,0,0,0,1,0,0,0,1
2025/10/01 12:16:37 AM GMT+6:30,Female,1995-04-01,30.0,20-to-30,7–8 → High aptitude,1,2.0,85.0,69.0,83.0,86.0,64.0,0.0,0.0,77.4,no,Tuition / Extra Classes,2–3 hours,Intermediate,0.0,ICT,1,INFJ,Mandalay ,UK,,External,0,0,1,0,0,0,1,0,1,0,0,0,0,0,0,0,0
2025/10/01 12:27:51 AM GMT+6:30,Female,2007-12-20,18.0,15-to-20,9–10 → Exceptional aptitude,1,1.0,80.0,50.0,0.0,90.0,91.0,63.0,0.0,74.8,yes,Self-study,1–2 hours,Intermediate,0.0,Physics,3,ENFJ,Mandalay ,Canada,University of Toronto ,External,0,0,0,0,0,1,0,0,0,0,0,0,1,0,0,0,0
2025/10/01 12:46:22 AM GMT+6:30,Male,2003-08-07,22.0,20-to-30,7–8 → High aptitude,1,2.0,49.0,53.0,74.0,68.0,78.0,0.0,0.0,64.4,no,Tuition / Extra Classes,More than 4 hours,Intermediate,0.0,Physics,0,ISFJ,Yangon,Canada,University of Toronto ,External,1,1,0,0,0,0,0,0,0,0,0,0,1,0,0,0,0
2025/10/01 4:52:36 AM GMT+6:30,Male,2006-09-18,19.0,15-to-20,7–8 → High aptitude,1,1.0,83.0,88.0,91.0,95.0,0.0,0.0,0.0,89.25,yes,Self-study,2–3 hours,Intermediate,0.0,Science,0,INFJ,Taipei,Canada,,External,1,1,0,0,0,0,0,1,0,0,0,0,1,0,0,0,0
2025/10/01 8:59:07 AM GMT+6:30,Female,2009-12-24,16.0,15-to-20,4–6 → Medium aptitude,1,1.0,100.0,88.0,0.0,90.0,85.0,94.0,0.0,91.4,no,Self-study,2–3 hours,Intermediate,125.0,ICT,2,ESTP,Mandalay,USA,Harvard University,Internal,0,0,1,0,0,0,1,0,0,1,0,0,0,0,1,1,0
2025/10/01 9:07:11 AM GMT+6:30,Female,2006-07-13,19.0,15-to-20,7–8 → High aptitude,1,2.0,73.0,65.0,76.0,81.0,92.0,80.0,75.0,77.42857142857143,yes,Tuition / Extra Classes,2–3 hours,Intermediate,0.0,ICT,1,ISFP,npt,Canada,Toronoto University,Internal,0,1,0,1,1,0,0,0,0,0,0,0,0,1,0,0,0
2025/10/01 9:10:25 AM GMT+6:30,Male,2007-09-12,18.0,15-to-20,7–8 → High aptitude,1,2.0,60.0,70.0,80.0,80.0,60.0,90.0,70.0,72.85714285714286,yes,Tuition / Extra Classes,1–2 hours,Intermediate,0.0,ICT,1,ISFP,Yangon,Canada;Thailand,Charles University,Internal,1,1,0,0,1,0,1,0,0,0,0,0,0,0,0,1,0
2025/10/01 9:13:01 AM GMT+6:30,Female,2008-09-24,17.0,15-to-20,7–8 → High aptitude,1,2.0,69.0,81.0,0.0,0.0,78.0,74.0,0.0,75.5,yes,Tuition / Extra Classes,Less than 1 hour,Intermediate,0.0,English,1,ISFP,Yangon,Singapore,Nanyang Technological University ,Internal,0,0,0,1,1,0,0,0,0,1,0,0,0,0,0,0,0
2025/10/01 9:14:04 AM GMT+6:30,Female,2008-11-03,17.0,15-to-20,9–10 → Exceptional aptitude,1,1.0,88.0,95.0,0.0,0.0,0.0,83.0,0.0,88.66666666666667,yes,Self-study,Less than 1 hour,Intermediate,0.0,Physics,2,INTP,Chauk,UK;Singapore,,Internal,0,0,1,0,0,0,0,0,0,0,0,0,1,0,0,0,0
2025/10/01 9:14:19 AM GMT+6:30,Female,2008-07-01,17.0,15-to-20,9–10 → Exceptional aptitude,1,2.0,99.0,95.0,85.0,84.0,80.0,0.0,0.0,88.6,yes,Self-study,3–4 hours,Advanced,0.0,Chemistry,2,INFP,Yangon,Thailand,"NUS, NTU",External,0,0,0,0,0,0,0,1,0,0,0,0,1,0,0,0,0
2025/10/01 9:14:55 AM GMT+6:30,Male,2010-02-02,15.0,10-to-15,7–8 → High aptitude,1,1.0,98.0,50.0,0.0,0.0,92.0,90.0,0.0,82.5,yes,Self-study,Less than 1 hour,Intermediate,0.0,ICT,1,INTJ,Nattalin,Singapore,Poly ,Internal,0,0,0,1,1,0,0,0,0,0,0,0,1,0,0,0,0
2025/10/01 9:19:23 AM GMT+6:30,Male,2008-11-17,17.0,15-to-20,9–10 → Exceptional aptitude,1,1.0,70.0,60.0,0.0,0.0,70.0,0.0,0.0,66.66666666666667,yes,Tuition / Extra Classes,Less than 1 hour,Intermediate,0.0,Math,3,ISFP,Yangon,UK,,Internal,0,0,0,0,0,1,0,0,0,0,0,0,1,0,0,0,0
2025/10/01 9:20:44 AM GMT+6:30,Female,2008-10-29,17.0,15-to-20,7–8 → High aptitude,1,0.0,45.0,37.0,58.0,57.0,73.0,77.0,55.0,57.42857142857143,yes,Tuition / Extra Classes,2–3 hours,Intermediate,0.0,Business,1,INFJ,Yangon,UK;Singapore,-,Internal,0,0,0,0,1,0,0,0,0,0,0,0,0,0,0,0,1
2025/10/01 9:35:57 AM GMT+6:30,Female,2010-07-10,15.0,10-to-15,7–8 → High aptitude,1,2.0,90.0,88.0,0.0,0.0,0.0,0.0,0.0,89.0,no,Self-study,Less than 1 hour,Intermediate,0.0,Math,2,INFP,Yephyu,Singapore,NOT SURE,External,0,1,0,0,0,0,0,0,0,0,0,0,1,0,0,0,0
2025/10/01 11:58:24 AM GMT+6:30,Female,2006-07-12,19.0,15-to-20,9–10 → Exceptional aptitude,1,1.0,96.0,88.0,0.0,0.0,97.0,88.0,0.0,92.25,no,Self-study,2–3 hours,Intermediate,0.0,ICT,1,INFJ,Mandalay ,USA;Canada;Thailand,Sapienza University of ROME in Italy,External,0,0,1,0,0,0,0,0,0,0,0,0,0,0,0,1,0
2025/10/01 12:26:08 PM GMT+6:30,Female,2009-03-25,16.0,15-to-20,7–8 → High aptitude,0,1.0,100.0,70.0,98.0,84.0,100.0,94.0,90.0,90.85714285714286,yes,Tuition / Extra Classes,2–3 hours,Intermediate,0.0,Math,0,ESTJ,mandalay,Canada,,External,0,0,0,0,0,0,1,0,0,0,0,0,1,0,0,0,0
2025/10/01 12:27:04 PM GMT+6:30,Male,2004-02-05,21.0,20-to-30,4–6 → Medium aptitude,1,1.0,90.0,78.0,70.0,90.0,80.0,0.0,80.0,81.33333333333333,no,Self-study,More than 4 hours,Advanced,7.0,Math,1,ISFJ,Mandalay,UK,University of Coventry,Internal,0,0,1,0,0,0,0,0,0,0,0,0,0,0,0,0,1
2025/10/01 12:29:52 PM GMT+6:30,Male,2000-10-24,25.0,20-to-30,9–10 → Exceptional aptitude,1,2.0,96.0,79.0,88.0,76.0,67.0,79.0,99.0,83.42857142857143,yes,Self-study,3–4 hours,Advanced,8.5,ICT,2,ISFJ,Pyin Oo Lwin ,Canada,NUS,Internal,0,1,0,0,0,0,1,1,0,0,0,0,0,0,0,1,1
2025/10/01 12:29:59 PM GMT+6:30,Female,2011-07-23,14.0,10-to-15,4–6 → Medium aptitude,0,1.0,90.0,90.0,80.0,80.0,76.0,70.0,70.0,79.42857142857143,yes,Self-study,1–2 hours,Beginner,0.0,English,3,ISFP,mandalay,USA,,External,1,0,0,0,0,0,0,0,0,0,0,1,0,0,0,0,0
2025/10/01 12:30:06 PM GMT+6:30,Male,2025-10-14,17.0,15-to-20,7–8 → High aptitude,1,2.0,75.0,67.0,64.0,59.0,69.0,70.0,70.0,67.71428571428571,yes,Tuition / Extra Classes,2–3 hours,Intermediate,0.0,Math,0,INFJ,Globel Pathways International School,USA,,External,0,0,0,0,1,0,1,0,0,0,0,0,0,0,0,1,0
2025/10/01 12:30:33 PM GMT+6:30,Male,2025-10-01,17.0,15-to-20,4–6 → Medium aptitude,1,2.0,80.0,60.0,75.0,55.0,40.0,50.0,55.0,59.285714285714285,yes,Self-study,2–3 hours,Intermediate,40.0,Physics,3,ISFJ,63b,Canada,GPIS,Internal,1,0,0,0,0,0,0,0,0,0,0,1,0,0,0,0,0
2025/10/01 12:33:10 PM GMT+6:30,Female,2008-03-28,17.0,15-to-20,4–6 → Medium aptitude,0,1.0,56.0,66.0,87.0,78.0,44.0,26.0,76.0,61.857142857142854,no,Self-study,1–2 hours,Beginner,0.0,Chemistry,1,INFP,Mandalay,Thailand,Chula,Internal,0,0,0,0,0,1,0,0,0,0,0,0,0,0,1,0,0
2025/10/01 12:33:12 PM GMT+6:30,Female,2008-12-01,17.0,15-to-20,9–10 → Exceptional aptitude,0,2.0,66.0,68.0,58.0,60.0,50.0,50.0,98.0,64.28571428571429,no,Self-study,1–2 hours,Intermediate,0.0,English,0,INFP,Mandalay,UK;USA;Canada,NYU,Internal,0,1,0,0,0,0,0,1,1,0,0,0,0,0,0,0,0
2025/10/01 12:33:24 PM GMT+6:30,Female,2006-03-28,19.0,15-to-20,7–8 → High aptitude,1,1.0,90.0,85.0,85.0,90.0,87.0,70.0,65.0,81.71428571428571,no,Tuition / Extra Classes,2–3 hours,Intermediate,0.0,ICT,1,ENFJ,mandalay,UK,,Internal,0,0,0,0,1,0,0,0,0,0,0,0,0,1,1,0,0
2025/10/01 12:35:58 PM GMT+6:30,Female,2009-08-03,16.0,15-to-20,7–8 → High aptitude,1,2.0,65.0,72.0,83.0,78.0,68.0,80.0,94.0,77.14285714285714,yes,Self-study,2–3 hours,Intermediate,0.0,Science,2,ESTJ,Mandalay,Thailand,Chula,Internal,0,0,0,0,0,1,0,1,0,0,0,0,0,0,0,1,1
2025/10/01 12:36:14 PM GMT+6:30,Male,2004-07-21,21.0,20-to-30,7–8 → High aptitude,1,1.0,79.0,80.0,85.0,89.0,90.0,90.0,80.0,84.71428571428571,no,Self-study,1–2 hours,Intermediate,0.0,ICT,1,ENFJ,mandalay,Thailand,aumit,External,0,0,1,0,0,0,0,0,0,0,0,0,1,1,0,0,1
2025/10/01 12:37:18 PM GMT+6:30,Female,2001-03-07,24.0,20-to-30,4–6 → Medium aptitude,0,2.0,74.0,63.0,73.0,74.0,71.0,70.0,60.0,69.28571428571429,yes,Self-study,2–3 hours,Intermediate,0.0,Math,0,INTJ,Mandalay,UK,,Internal,0,0,0,0,0,0,1,0,0,0,0,0,1,0,0,0,0
2025/10/01 12:37:48 PM GMT+6:30,Male,2006-03-04,19.0,15-to-20,7–8 → High aptitude,0,2.0,60.0,70.0,50.0,60.0,75.0,66.0,67.0,64.0,yes,Group study,1–2 hours,Advanced,0.0,Science,3,ENTJ,Mandalay,UK;USA,NYU,Internal,0,0,1,0,0,0,1,0,0,0,0,0,1,0,0,0,0
2025/10/01 12:39:08 PM GMT+6:30,Male,1997-01-17,28.0,20-to-30,7–8 → High aptitude,1,1.0,80.0,70.0,60.0,60.0,72.0,80.0,94.0,73.71428571428571,yes,Self-study,Less than 1 hour,Intermediate,6.5,Business,0,ENTP,Singapore,Singapore,Edinburgh Napier University ,Internal,1,0,1,0,0,0,0,0,0,1,0,0,1,0,0,0,0
2025/10/01 12:39:32 PM GMT+6:30,Male,2025-10-27,17.0,15-to-20,7–8 → High aptitude,1,0.0,77.0,67.0,65.0,59.0,76.0,68.0,77.0,69.85714285714286,yes,Self-study,2–3 hours,Intermediate,0.0,Business,0,ENFJ,GPIS,USA,Yale University,External,0,0,0,0,0,0,0,1,0,0,0,0,0,0,1,0,0
2025/10/01 12:39:48 PM GMT+6:30,Male,2010-03-18,15.0,10-to-15,7–8 → High aptitude,1,2.0,90.0,95.0,40.0,50.0,85.0,90.0,50.0,71.42857142857143,yes,Tuition / Extra Classes,Less than 1 hour,Advanced,0.0,English,1,INTJ,GPIS,USA;Thailand,chula universities,Internal,0,1,0,0,0,0,0,0,1,0,0,0,0,0,1,0,0
2025/10/01 12:40:23 PM GMT+6:30,Male,2025-09-01,17.0,15-to-20,9–10 → Exceptional aptitude,1,1.0,82.0,88.0,0.0,0.0,78.0,40.0,70.0,71.6,yes,Self-study,1–2 hours,Intermediate,0.0,Physics,3,INFP,GPIS,USA;Singapore;Thailand,University of Melbourne,External,0,0,1,0,0,0,0,0,0,0,1,0,0,0,0,0,0
2025/10/01 12:40:29 PM GMT+6:30,Female,2008-03-31,17.0,15-to-20,7–8 → High aptitude,1,1.0,90.0,56.0,70.0,80.0,69.0,99.0,97.0,80.14285714285714,yes,Group study,3–4 hours,Advanced,0.0,Science,3,ISFJ,Mandalay,Thailand,Mahidol,Internal,0,0,1,0,0,0,1,1,0,1,0,0,0,0,0,1,1
2025/10/01 12:40:57 PM GMT+6:30,Male,2025-10-01,17.0,15-to-20,4–6 → Medium aptitude,1,1.0,80.0,70.0,75.0,50.0,60.0,50.0,40.0,60.714285714285715,yes,Self-study,2–3 hours,Intermediate,0.0,Math,3,INFJ,63b,Canada,Mastersportal,External,1,0,0,0,0,0,0,0,0,0,0,1,0,0,0,0,0
2025/10/01 12:41:03 PM GMT+6:30,Male,2002-05-09,23.0,20-to-30,7–8 → High aptitude,0,1.0,60.0,70.0,45.0,70.0,65.0,0.0,0.0,62.0,no,Self-study,Less than 1 hour,Beginner,0.0,Science,3,ENTJ,mandalay,Thailand,mhidol,External,0,0,0,0,0,0,0,1,0,0,0,1,0,0,0,0,0
2025/10/01 12:42:13 PM GMT+6:30,Male,2010-06-25,15.0,10-to-15,7–8 → High aptitude,1,2.0,75.0,90.0,0.0,0.0,70.0,40.0,90.0,73.0,yes,Tuition / Extra Classes,2–3 hours,Advanced,0.0,Business,0,INTP,Gpis,USA,,External,0,0,0,0,0,1,0,0,0,0,0,0,0,0,1,0,0
2025/10/01 12:42:24 PM GMT+6:30,Female,2008-03-01,17.0,15-to-20,7–8 → High aptitude,0,1.0,100.0,98.0,98.0,99.0,99.0,96.0,100.0,98.57142857142857,yes,Tuition / Extra Classes,3–4 hours,Advanced,0.0,English,0,INFP,SFU,UK,,Internal,0,1,0,0,0,0,0,0,0,0,0,0,0,0,0,1,0
2025/10/01 12:42:24 PM GMT+6:30,Male,2005-02-02,20.0,15-to-20,4–6 → Medium aptitude,1,1.0,80.0,75.0,76.0,60.0,74.0,91.0,83.0,77.0,no,Self-study,2–3 hours,Advanced,0.0,Science,1,ENTP,Yangon,USA,Stanford University,Internal,0,0,0,0,1,1,0,1,0,0,0,0,0,1,0,0,1
2025/10/01 12:43:18 PM GMT+6:30,Male,2007-04-09,18.0,15-to-20,7–8 → High aptitude,1,1.0,67.0,88.0,0.0,0.0,70.0,40.0,75.0,68.0,yes,Tuition / Extra Classes,1–2 hours,Advanced,0.0,Physics,1,INTJ,Global Path Way International School,UK,,External,0,0,1,0,0,0,0,0,0,0,0,0,1,0,0,0,0
2025/10/01 12:43:26 PM GMT+6:30,Female,2009-11-10,16.0,15-to-20,9–10 → Exceptional aptitude,1,1.0,99.0,80.0,87.0,92.0,78.0,67.0,97.0,85.71428571428571,yes,Group study,3–4 hours,Intermediate,7.5,Science,2,ESFP,Magway,Canada,University of Toronto ,Internal,0,0,0,0,0,0,0,1,0,0,0,0,0,0,0,0,1
2025/10/01 12:44:46 PM GMT+6:30,Female,2000-09-30,25.0,20-to-30,4–6 → Medium aptitude,0,2.0,52.0,80.0,80.0,52.0,65.0,68.0,97.0,70.57142857142857,yes,Self-study,1–2 hours,Intermediate,0.0,English,0,ESFP,Mandalay,UK,cambridge,Internal,0,0,1,0,0,0,0,0,0,1,0,0,0,0,0,0,0
2025/10/01 12:44:52 PM GMT+6:30,Female,2007-10-26,18.0,15-to-20,4–6 → Medium aptitude,0,2.0,52.0,56.0,80.0,86.0,45.0,63.0,92.0,67.71428571428571,yes,Self-study,Less than 1 hour,Intermediate,0.0,Business,0,ESTP,mandalay,UK,Cambridge,Internal,0,0,1,0,0,0,0,0,0,1,0,0,0,0,0,0,0
2025/10/01 12:45:31 PM GMT+6:30,Male,2000-12-05,25.0,20-to-30,4–6 → Medium aptitude,1,1.0,60.0,70.0,60.0,60.0,70.0,0.0,0.0,64.0,no,Tuition / Extra Classes,1–2 hours,Intermediate,0.0,English,1,ESTJ,Mandalay,UK,University of Greenwich,Internal,0,0,1,0,0,0,1,0,0,1,0,0,0,0,0,1,0
2025/10/01 12:45:57 PM GMT+6:30,Female,2006-07-13,19.0,15-to-20,7–8 → High aptitude,0,1.0,97.0,78.0,88.0,67.0,88.0,78.0,83.0,82.71428571428571,no,Group study,3–4 hours,Advanced,0.0,Chemistry,2,ISFJ,Mandalay,UK,UCL,Internal,0,1,1,0,0,0,1,0,1,1,0,0,0,0,0,0,0
2025/10/01 12:46:02 PM GMT+6:30,Female,2008-07-14,17.0,15-to-20,7–8 → High aptitude,1,1.0,97.0,95.0,0.0,0.0,0.0,0.0,0.0,96.0,yes,Self-study,2–3 hours,Intermediate,0.0,English,0,INTJ,Mandalay,UK,,Internal,0,1,0,0,0,0,0,0,1,1,0,0,0,0,0,0,0
2025/10/01 12:47:21 PM GMT+6:30,Male,2002-09-29,23.0,20-to-30,9–10 → Exceptional aptitude,1,2.0,99.0,80.0,70.0,66.0,90.0,90.0,80.0,82.14285714285714,no,Self-study,3–4 hours,Advanced,9.0,Science,2,INTP,Singapore,Singapore,National University of Singapore ,Internal,0,0,0,0,0,0,1,0,0,0,0,0,0,0,0,1,0
2025/10/01 12:49:07 PM GMT+6:30,Male,2008-05-16,17.0,15-to-20,4–6 → Medium aptitude,1,2.0,81.0,78.0,67.0,64.0,83.0,0.0,0.0,74.6,yes,Self-study,1–2 hours,Intermediate,0.0,Math,3,INTJ,Mandalay ,UK;Thailand,,Internal,1,0,1,0,0,0,0,0,0,0,0,0,1,0,0,0,0
2025/10/01 1:46:48 PM GMT+6:30,Female,2025-07-16,17.0,15-to-20,7–8 → High aptitude,1,2.0,79.0,78.0,0.0,0.0,0.0,80.0,80.0,79.25,yes,Self-study,1–2 hours,Intermediate,0.0,Business,0,INFP,gpis,UK,,Internal,0,1,0,0,0,0,0,0,0,0,0,0,1,0,0,0,0
2025/10/01 1:50:24 PM GMT+6:30,Male,2010-12-25,15.0,10-to-15,9–10 → Exceptional aptitude,1,1.0,84.0,73.0,0.0,0.0,0.0,97.0,0.0,84.66666666666667,no,Self-study,3–4 hours,Intermediate,0.0,Business,1,INTJ,Kalay(LCEC-K12 Faithprep Academy),Thailand,,External,0,1,1,0,1,0,1,0,0,0,0,0,1,0,1,1,0
2025/10/01 1:57:57 PM GMT+6:30,Male,2009-03-05,16.0,15-to-20,9–10 → Exceptional aptitude,1,2.0,85.0,55.0,73.0,77.0,79.0,90.0,93.0,78.85714285714286,no,Self-study,1–2 hours,Intermediate,0.0,Math,3,ISFP,Mandalay,Singapore,,Internal,0,0,0,1,0,0,0,0,0,0,0,0,1,0,0,0,0
2025/10/01 2:00:07 PM GMT+6:30,Female,1992-02-02,17.0,15-to-20,9–10 → Exceptional aptitude,1,1.0,87.0,75.0,76.0,84.0,84.0,0.0,0.0,81.2,no,Tuition / Extra Classes,3–4 hours,Intermediate,6.0,Science,2,ISTJ,Taunggyi,Thailand,Khon Kaen University ,External,0,1,0,0,0,0,0,0,0,0,0,0,1,0,0,0,0
2025/10/01 2:03:23 PM GMT+6:30,Male,2009-10-03,16.0,15-to-20,4–6 → Medium aptitude,1,1.0,75.0,80.0,60.0,70.0,70.0,70.0,0.0,70.83333333333333,no,Self-study,1–2 hours,Intermediate,6.0,Math,3,INTJ,USM,Canada,UBC,Internal,1,0,0,0,0,0,0,0,0,0,0,1,0,0,0,0,0
2025/10/01 2:05:24 PM GMT+6:30,Male,2008-04-08,17.0,15-to-20,9–10 → Exceptional aptitude,1,2.0,75.0,80.0,0.0,0.0,0.0,85.0,75.0,78.75,yes,Self-study,1–2 hours,Intermediate,5.5,Business,0,INTJ,Mandalay,UK;Singapore,,Internal,0,0,1,0,0,0,1,0,0,1,0,0,1,0,0,1,0
2025/10/01 2:08:55 PM GMT+6:30,Female,2010-12-31,15.0,10-to-15,4–6 → Medium aptitude,1,1.0,85.0,86.0,0.0,0.0,0.0,55.0,0.0,75.33333333333333,yes,Self-study,3–4 hours,Intermediate,0.0,Business,2,INFJ,Mandalay,UK;USA;Canada;Thailand,not yet,External,1,1,0,0,0,0,0,0,1,0,0,1,0,0,0,0,0
2025/10/01 3:08:34 PM GMT+6:30,Female,2009-08-03,16.0,15-to-20,7–8 → High aptitude,1,0.0,62.0,73.0,88.0,77.0,67.0,79.0,80.0,75.14285714285714,yes,Self-study,1–2 hours,Intermediate,0.0,English,2,ENTP,Mandalay,Canada;Singapore,NUS,External,0,0,0,0,0,0,0,1,0,0,0,0,1,0,0,0,0
2025/10/01 3:47:35 PM GMT+6:30,Female,1998-07-03,27.0,20-to-30,9–10 → Exceptional aptitude,0,1.0,85.0,73.0,86.0,81.0,77.0,0.0,0.0,80.4,no,Tuition / Extra Classes,1–2 hours,Intermediate,0.0,English,1,ISFJ,Yangon,UK;Canada,-,Internal,0,1,0,1,1,0,0,0,1,0,1,1,0,1,0,0,1
2025/10/01 3:50:04 PM GMT+6:30,Female,1995-10-17,30.0,20-to-30,9–10 → Exceptional aptitude,0,2.0,70.0,50.0,0.0,69.0,62.0,0.0,79.0,66.0,no,Tuition / Extra Classes,3–4 hours,Intermediate,0.0,Math,1,ISFJ,"Kyonmange, Wakema Township",Canada;Singapore;Thailand,,Internal,0,1,0,1,1,0,0,0,0,0,0,0,1,0,0,0,0
2025/10/01 5:18:08 PM GMT+6:30,Male,2007-09-06,18.0,15-to-20,9–10 → Exceptional aptitude,1,0.0,98.0,95.0,0.0,0.0,94.0,96.0,98.0,96.2,yes,Self-study,1–2 hours,Intermediate,0.0,ICT,1,INFP,Mandalay ,UK,Not UK Acutally ,External,0,0,1,0,0,0,0,0,0,0,0,0,1,0,0,0,0
2025/10/01 5:41:54 PM GMT+6:30,Female,2008-11-27,17.0,15-to-20,7–8 → High aptitude,1,1.0,65.0,75.0,60.0,89.0,70.0,70.0,85.0,73.42857142857143,yes,Self-study,2–3 hours,Intermediate,0.0,English,3,ENFJ,"thaton ,mon state",UK;Canada;Singapore,"NUS, and middlex",External,0,1,0,0,1,0,0,0,0,0,0,0,1,0,0,0,0
2025/10/01 6:15:43 PM GMT+6:30,Male,2010-01-03,15.0,10-to-15,9–10 → Exceptional aptitude,1,1.0,88.0,80.0,78.0,85.0,70.0,90.0,0.0,81.83333333333333,yes,Self-study,1–2 hours,Advanced,0.0,Science,2,ISTP,Monywa,Singapore,,Internal,0,1,1,0,0,0,1,0,0,0,0,0,0,0,0,1,0
2025/10/01 6:31:33 PM GMT+6:30,Female,2007-09-07,18.0,15-to-20,9–10 → Exceptional aptitude,1,2.0,88.0,93.0,99.0,96.0,99.0,95.0,0.0,95.0,yes,Self-study,1–2 hours,Intermediate,0.0,Physics,1,INFJ,Yangon(I am an online student.),Canada;Singapore,,External,0,1,0,0,0,1,0,0,0,0,0,0,1,0,0,0,0
2025/10/01 7:43:12 PM GMT+6:30,Male,2011-01-18,14.0,10-to-15,9–10 → Exceptional aptitude,1,1.0,90.0,85.0,0.0,0.0,0.0,0.0,0.0,87.5,no,Self-study,1–2 hours,Intermediate,0.0,Science,0,INTP,Mandalay,UK;USA,I would like to attend a university that may help me to be a scientist ,Internal,0,0,0,1,1,1,0,0,0,0,1,0,0,1,1,0,0
2025/10/01 8:50:08 PM GMT+6:30,Male,2007-08-10,18.0,15-to-20,9–10 → Exceptional aptitude,1,2.0,90.0,93.0,0.0,0.0,0.0,0.0,0.0,91.5,yes,Self-study,2–3 hours,Intermediate,0.0,Math,0,ESTJ,Mandalay,UK;USA,,Internal,0,0,1,0,0,1,0,0,0,1,0,0,1,0,0,0,0
2025/10/01 8:56:41 PM GMT+6:30,Female,2025-10-01,17.0,15-to-20,4–6 → Medium aptitude,1,1.0,52.0,58.0,73.0,61.0,56.0,0.0,0.0,60.0,no,Self-study,1–2 hours,Beginner,0.0,English,0,ISFP,Yadanabon university ,UK,,Internal,0,0,1,0,0,0,0,0,0,1,0,0,0,0,0,0,0
2025/10/01 9:38:54 PM GMT+6:30,Female,2008-07-01,17.0,15-to-20,7–8 → High aptitude,1,1.0,85.0,70.0,85.0,75.0,90.0,90.0,0.0,82.5,yes,Self-study,3–4 hours,Advanced,0.0,Science,2,ISTJ,yangon,UK,NUMed,Internal,0,0,1,0,1,0,1,0,0,1,0,0,0,0,1,1,0
2025/10/01 10:27:52 PM GMT+6:30,Female,2009-07-13,16.0,15-to-20,9–10 → Exceptional aptitude,1,1.0,92.0,84.0,88.0,92.0,81.0,95.0,83.0,87.85714285714286,yes,Self-study,1–2 hours,Beginner,0.0,Math,0,ISTJ,Mandalay,Singapore,,Internal,0,1,0,0,0,0,0,0,0,0,0,0,1,0,0,0,0
2025/10/02 9:39:44 AM GMT+6:30,Male,2008-10-16,17.0,15-to-20,7–8 → High aptitude,1,1.0,70.0,70.0,80.0,80.0,80.0,80.0,0.0,76.66666666666667,yes,Self-study,1–2 hours,Intermediate,0.0,ICT,1,ESFJ,Mandalay ,USA;Canada;Singapore,,Internal,0,0,0,1,1,0,0,0,0,0,0,0,1,0,0,0,0
2025/10/02 10:20:32 AM GMT+6:30,Male,2009-07-24,16.0,15-to-20,9–10 → Exceptional aptitude,1,1.0,98.0,94.0,0.0,0.0,0.0,0.0,0.0,96.0,no,Self-study,More than 4 hours,Intermediate,0.0,Math,3,ENTJ,Pyin Oo Lwin,UK;USA;Canada,UK,Internal,0,1,1,0,0,0,0,0,0,0,0,0,1,0,0,0,0
2025/10/02 10:23:13 AM GMT+6:30,Male,2011-03-07,14.0,10-to-15,7–8 → High aptitude,1,1.0,96.0,98.0,87.0,96.0,95.0,99.0,0.0,95.16666666666667,yes,Group study,3–4 hours,Intermediate,6.5,ICT,3,ISFJ,"GIC,Mandalay",USA,European Flight Academy,External,1,0,0,0,0,0,0,0,0,0,0,0,1,0,0,0,0
2025/10/02 10:29:02 AM GMT+6:30,Male,2009-07-24,16.0,15-to-20,9–10 → Exceptional aptitude,1,1.0,98.0,96.0,0.0,0.0,0.0,0.0,0.0,97.0,yes,Self-study,More than 4 hours,Intermediate,0.0,Math,3,ENTJ,Pyin Oo Lwin,UK;USA;Canada,Oxford,Internal,0,1,1,0,0,0,0,0,0,0,0,0,1,0,0,0,0
2025/10/02 10:29:37 AM GMT+6:30,Male,2010-01-16,15.0,10-to-15,7–8 → High aptitude,1,2.0,60.0,50.0,0.0,0.0,90.0,60.0,0.0,65.0,yes,Tuition / Extra Classes,1–2 hours,Intermediate,0.0,Physics,1,INFJ,Singapore ,Singapore,,External,0,0,0,0,1,0,0,0,0,0,0,0,0,1,0,0,0
2025/10/02 10:30:25 AM GMT+6:30,Male,2009-05-23,16.0,15-to-20,4–6 → Medium aptitude,0,1.0,93.0,98.0,97.0,95.0,96.0,90.0,0.0,94.83333333333333,yes,Self-study,Less than 1 hour,Intermediate,0.0,Physics,3,ENTP,GIC ,Canada,University of Waterloo,External,0,0,1,0,0,1,0,1,0,1,0,0,1,0,1,0,0
2025/10/02 10:31:15 AM GMT+6:30,Male,2008-10-06,17.0,15-to-20,9–10 → Exceptional aptitude,1,1.0,92.0,78.0,93.0,99.0,85.0,87.0,0.0,89.0,yes,Self-study,2–3 hours,Intermediate,0.0,Math,3,ISTJ,Have attended in VEC. Attending Currently in GIC.,Singapore,Polytechnic,Internal,0,0,0,0,0,0,1,0,0,0,0,0,0,0,0,1,0
2025/10/02 10:31:42 AM GMT+6:30,Female,2008-09-05,17.0,15-to-20,0–3 → Low aptitude,0,2.0,40.0,90.0,90.0,80.0,80.0,40.0,0.0,70.0,yes,Self-study,Less than 1 hour,Intermediate,0.0,Physics,0,ESFJ,mdy ,UK,Cambridge,External,0,1,0,0,0,0,0,0,1,1,0,0,0,0,0,1,1
2025/10/02 10:32:39 AM GMT+6:30,Male,2009-12-18,16.0,15-to-20,4–6 → Medium aptitude,1,1.0,76.0,65.0,85.0,77.0,66.0,65.0,0.0,72.33333333333333,no,Tuition / Extra Classes,1–2 hours,Intermediate,0.0,Math,3,ESFJ,Not yet,USA;Canada;Thailand,Idk yet,External,0,0,0,0,0,1,0,0,0,0,0,0,0,1,0,0,0
2025/10/02 10:34:55 AM GMT+6:30,Female,2009-06-19,16.0,15-to-20,7–8 → High aptitude,1,1.0,70.0,80.0,0.0,84.0,89.0,74.0,0.0,79.4,yes,Self-study,1–2 hours,Intermediate,0.0,English,3,INFJ,Mandalay,UK,Stanford University,External,1,1,0,0,0,0,0,0,1,0,0,1,1,0,0,0,1
2025/10/02 10:35:32 AM GMT+6:30,Female,2009-12-31,16.0,15-to-20,4–6 → Medium aptitude,1,2.0,72.5,84.0,0.0,52.0,96.0,78.0,0.0,76.5,yes,Self-study,More than 4 hours,Intermediate,0.0,Math,3,ISTJ,Mandalay ,Canada,University of Winnipeg,Internal,0,0,0,0,0,0,0,1,1,0,0,0,0,0,0,0,0
2025/10/02 10:36:29 AM GMT+6:30,Female,2010-02-02,15.0,10-to-15,7–8 → High aptitude,1,1.0,100.0,91.0,84.0,93.0,96.0,96.0,0.0,93.33333333333333,yes,Self-study,2–3 hours,Advanced,0.0,Math,1,ENFP,Mandalay,UK;Canada;Singapore,,Internal,1,1,1,1,1,0,0,0,1,1,0,0,1,0,0,0,0
2025/10/02 10:39:04 AM GMT+6:30,Male,2008-11-08,17.0,15-to-20,7–8 → High aptitude,0,2.0,85.0,90.0,80.0,86.0,89.0,95.0,0.0,87.5,yes,Self-study,1–2 hours,Intermediate,0.0,Science,1,ESFJ,Mandalay,UK,universities of Manchester ,Internal,0,0,1,0,0,0,0,0,0,1,0,0,0,0,0,0,0
2025/10/02 10:43:46 AM GMT+6:30,Male,2009-03-26,16.0,15-to-20,7–8 → High aptitude,1,1.0,75.0,90.0,0.0,80.0,92.0,84.0,0.0,84.2,yes,Tuition / Extra Classes,1–2 hours,Intermediate,0.0,English,3,ISTJ,Mandalay ,Singapore,,Internal,1,0,0,0,0,0,0,0,0,0,0,0,1,0,0,0,0
2025/10/02 10:45:14 AM GMT+6:30,Male,2010-01-02,15.0,10-to-15,9–10 → Exceptional aptitude,1,1.0,100.0,98.0,0.0,94.0,96.0,90.0,0.0,95.6,yes,Self-study,2–3 hours,Intermediate,0.0,Science,3,INFJ,Mandalay,USA,,Internal,0,0,1,0,0,0,0,0,0,0,0,0,1,0,0,0,0
2025/10/02 10:48:09 AM GMT+6:30,Female,2008-06-13,17.0,15-to-20,7–8 → High aptitude,1,2.0,84.0,64.0,99.0,97.0,98.0,83.0,0.0,87.5,yes,Self-study,2–3 hours,Intermediate,0.0,Science,3,INFP,Mandalay ,Thailand,,External,1,0,0,0,0,0,0,0,0,0,0,0,1,0,0,0,0
2025/10/02 11:40:45 AM GMT+6:30,Male,2024-09-02,17.0,15-to-20,7–8 → High aptitude,1,1.0,82.0,78.0,49.0,53.0,32.0,60.0,0.0,59.0,yes,Tuition / Extra Classes,2–3 hours,Intermediate,0.0,English,0,INFP,Mandalay,USA;Canada;Singapore;Thailand,dartmouth,External,0,1,0,1,1,0,0,0,0,0,0,0,1,0,0,0,0
2025/10/02 4:05:05 PM GMT+6:30,Female,2010-08-26,15.0,10-to-15,7–8 → High aptitude,1,1.0,96.0,66.0,0.0,82.0,100.0,90.0,0.0,86.8,yes,Self-study,1–2 hours,Intermediate,0.0,Math,3,INTP,Mandalay,UK;Canada;Thailand,MIT/ Oxford ,Internal,0,1,1,0,0,0,0,0,0,0,0,0,1,0,0,0,0
2025/10/02 4:24:20 PM GMT+6:30,Female,2009-12-30,16.0,15-to-20,4–6 → Medium aptitude,1,2.0,79.0,75.0,33.0,43.0,59.0,65.0,81.0,62.142857142857146,no,Tuition / Extra Classes,Less than 1 hour,Beginner,0.0,Business,0,ENFP,Myintnge,UK;USA;Canada,Cambrige,Internal,0,1,1,0,0,0,0,0,1,0,0,0,0,0,0,0,0
2025/10/02 5:49:01 PM GMT+6:30,Male,2007-09-05,18.0,15-to-20,9–10 → Exceptional aptitude,1,0.0,85.0,80.0,0.0,0.0,0.0,0.0,0.0,82.5,yes,Self-study,2–3 hours,Intermediate,0.0,Physics,3,INTJ,Mandalay ,UK;USA;Canada,University of Manchester ,Internal,0,1,0,0,0,0,1,0,1,0,0,0,0,0,0,1,0
2025/10/02 8:30:48 PM GMT+6:30,Male,2011-02-02,14.0,10-to-15,9–10 → Exceptional aptitude,1,2.0,85.0,90.0,0.0,0.0,0.0,0.0,0.0,87.5,yes,Self-study,3–4 hours,Intermediate,0.0,Science,3,ENTP,Mandalay,Singapore,Nang Yang,External,0,1,1,0,1,0,1,0,0,1,0,0,1,0,0,1,0
2025/10/03 1:56:56 PM GMT+6:30,Female,2008-09-25,17.0,15-to-20,9–10 → Exceptional aptitude,1,2.0,90.0,75.0,0.0,0.0,0.0,88.0,92.0,86.25,no,Self-study,3–4 hours,Intermediate,0.0,Math,0,ENFP,Mandalay,UK;Canada;Singapore,,Internal,0,0,1,0,0,0,1,0,0,1,0,0,0,0,0,0,0
