Timestamp,Date_Of_Birth,Gender,Personality_Trait,Aptitude,Parents_Education,Family_Lifestyle,Address,Math,English,Bio,Chemistry,Physics,ICT,Business,if_HS_Student,Study_Method,Study_Habit,English_Proficiency,IELTS_Score,Favorite_Subject,Career_Interest,Extracurricular,Achievements,Study_Country,Chosen_University,Influence
2025/09/28 9:19:07 PM GMT+6:30,10/09/2006,Female,INFJ,9–10 → Exceptional aptitude,Graduate,Moderate / Average,Yangon,95,76,0,89,0,83,88,yes,Self-study,3–4 hours,Advanced,0,Science,Business,"Debate / Public Speaking;Student Council / Leadership Roles;Volunteering at hospitals, clinics, or NGOs",Volunteering recognition,UK,"University of Glasgow, LSE, University of Manchester ",Personal interest / passion
2025/09/28 9:42:59 PM GMT+6:30,10/06/2011,Male,ESTP,7–8 → High aptitude,Graduate,Comfortable / Above average,Mandalay,85,92,0,80,80,87,90,yes,Self-study,1–2 hours,Intermediate,0,Science,Business,Debate / Public Speaking;Student Council / Leadership Roles;DIY projects;Building miniatures / models,Science fair / Olympiad prize,Singapore,,Personal interest / passion
2025/09/28 9:46:18 PM GMT+6:30,19/01/1997,Male,ISFJ,7–8 → High aptitude,Graduate,Moderate / Average,Mandalay ,54,73,69,75,61,0,0,no,Tuition / Extra Classes,More than 4 hours,Advanced,5.5,Math,IT,Programming / coding clubs,Other (please specify),UK;Canada,,Personal interest / passion
2025/09/28 9:46:45 PM GMT+6:30,28/09/2025,Female,ESFJ,4–6 → Medium aptitude,Graduate,Moderate / Average,Mandalay,50,74,90,75,69,0,0,no,Tuition / Extra Classes,2–3 hours,Intermediate,0,English,Medicine,Student Council / Leadership Roles,Volunteering recognition,UK,,Personal interest / passion
2025/09/28 9:52:39 PM GMT+6:30,29/08/1995,Female,ESFJ,0–3 → Low aptitude,Graduate,Comfortable / Above average,Mandalay,79,60,58,56,57,0,0,no,Tuition / Extra Classes,1–2 hours,Intermediate,0,Math,IT,DIY projects,DIY / Project recognition,Singapore,I'm not sure.,Personal interest / passion
2025/09/28 9:52:57 PM GMT+6:30,10/10/2008,Male,ENFJ,7–8 → High aptitude,Graduate,Limited / Basic,No.5 Basic Education High school Chan Aye Thar Zan Township Mandalay ,86,98,80,86,79,0,0,yes,Self-study,3–4 hours,Intermediate,0,English,IT,Debate / Public Speaking,Other (please specify),USA,,Personal interest / passion
2025/09/28 9:54:30 PM GMT+6:30,23/09/2004,Female,INFJ,9–10 → Exceptional aptitude,Graduate,Moderate / Average,Pakokku,96,63,0,93,91,92,0,no,Self-study,1–2 hours,Intermediate,0,Math,IT,Programming / coding clubs;Hackathons / App development projects,Hackathon / App competition prize,Canada;Singapore,,Personal interest / passion
2025/09/28 10:01:50 PM GMT+6:30,15/07/2008,Female,ISTJ,9–10 → Exceptional aptitude,Graduate,Moderate / Average,Mandalay,97,90,0,86,84,82,80,yes,Tuition / Extra Classes,1–2 hours,Intermediate,0,Math,Engineering,Debate / Public Speaking;Student Council / Leadership Roles;Science clubs;DIY projects;Building miniatures / models,Debate / Public Speaking awards,UK,UCL (university collage london),Personal interest / passion
2025/09/28 10:13:23 PM GMT+6:30,14/09/2025,Female,ENTJ,4–6 → Medium aptitude,Non-Graduate,Limited / Basic,Mandalar University ,64,42,0,43,57,0,0,no,Self-study,1–2 hours,Beginner,0,English,Business,Debate / Public Speaking,Other (please specify),USA;Singapore;Thailand,Want to attend ,Teachers / mentors
2025/09/28 10:24:24 PM GMT+6:30,15/02/2007,Female,ISFJ,9–10 → Exceptional aptitude,Graduate,Comfortable / Above average,Yangon,9,5,8,8,8,7,0,no,Self-study,3–4 hours,Intermediate,0,Science,Medicine,"Volunteering at hospitals, clinics, or NGOs",Volunteering recognition,UK,Manchester university,Teachers / mentors
2025/09/28 10:34:36 PM GMT+6:30,28/05/2008,Female,ENFP,7–8 → High aptitude,Graduate,Comfortable / Above average,Yangon,92,80,89,91,93,90,0,no,Self-study,2–3 hours,Advanced,0,English,Medicine,Student Council / Leadership Roles;Science clubs,Volunteering recognition,UK,,Previous academic performance / aptitude
2025/09/28 10:37:41 PM GMT+6:30,07/08/2005,Female,ISFP,4–6 → Medium aptitude,Graduate,Moderate / Average,Yangon ,88,90,60,85,78,67,50,no,Tuition / Extra Classes,1–2 hours,Intermediate,0,English,Medicine,"Volunteering at hospitals, clinics, or NGOs",DIY / Project recognition,USA;Canada;Singapore,NUS ,Personal interest / passion
2025/09/28 10:41:27 PM GMT+6:30,15/06/2006,Male,INFP,7–8 → High aptitude,Graduate,Comfortable / Above average,Yangon,90,80,0,0,70,80,0,no,Group study,2–3 hours,Intermediate,5.5,ICT,IT,Programming / coding clubs;Hackathons / App development projects;DIY projects,Programming / Coding award,UK;USA;Canada;Singapore,,Personal interest / passion
2025/09/28 10:44:07 PM GMT+6:30,28/09/2025,Male,ISFJ,7–8 → High aptitude,Non-Graduate,Moderate / Average,mandalay,68,63,94,88,82,0,0,no,Self-study,More than 4 hours,Intermediate,4.5,ICT,Medicine,"Volunteering at hospitals, clinics, or NGOs",Other (please specify),USA,oxford,Personal interest / passion
2025/09/28 10:59:19 PM GMT+6:30,15/06/2007,Female,INFP,4–6 → Medium aptitude,Non-Graduate,Comfortable / Above average,I have attended Tet Nay Lin,56,54,55,41,40,50,50,no,Self-study,More than 4 hours,Beginner,0,Math,Medicine,Debate / Public Speaking,Other (please specify),Thailand,,Family influence / parental guidance
2025/09/28 11:04:51 PM GMT+6:30,22/09/2009,Male,INFJ,7–8 → High aptitude,Graduate,Moderate / Average,private online school ,89,80,0,0,0,0,0,yes,Self-study,1–2 hours,Intermediate,7,Math,IT,Debate / Public Speaking;Programming / coding clubs,Other (please specify),UK;Singapore;Thailand,haven't decide ,Family influence / parental guidance
2025/09/28 11:14:37 PM GMT+6:30,18/11/2009,Female,INFP,7–8 → High aptitude,Graduate,Comfortable / Above average,Mandalay,86,82,76,85,78,84,0,yes,Tuition / Extra Classes,1–2 hours,Intermediate,0,Science,Medicine,DIY projects,Other (please specify),Singapore,,Peer influence / friends
2025/09/28 11:56:07 PM GMT+6:30,23/09/2007,Female,ENFP,4–6 → Medium aptitude,Graduate,Comfortable / Above average,Yangon,83,70,0,0,0,75,90,no,Self-study,3–4 hours,Intermediate,7,Math,Business,"Debate / Public Speaking;Student Council / Leadership Roles;Volunteering at hospitals, clinics, or NGOs",Volunteering recognition,Canada,Seneca College,Previous academic performance / aptitude
2025/09/29 12:13:54 AM GMT+6:30,19/06/2008,Female,ISFJ,9–10 → Exceptional aptitude,Graduate,Comfortable / Above average,Yangon,94,81,95,94,93,83,0,yes,Self-study,More than 4 hours,Advanced,0,Science,Medicine,Debate / Public Speaking;Student Council / Leadership Roles,Student Council / Leadership role,UK;Singapore,,Personal interest / passion
2025/09/29 5:19:31 AM GMT+6:30,01/03/2003,Female,ESTJ,9–10 → Exceptional aptitude,Graduate,Comfortable / Above average,Mandalay,97,95,97,94,0,0,0,no,Self-study,1–2 hours,Advanced,0,Science,Medicine,Debate / Public Speaking;Science clubs,Other (please specify),USA,university of Hawaii at manoa,Personal interest / passion
2025/09/29 8:36:29 AM GMT+6:30,08/05/2006,Female,ISTP,4–6 → Medium aptitude,Graduate,Moderate / Average,Magway,97,80,0,96,94,70,0,no,Self-study,1–2 hours,Intermediate,0,Science,Engineering,DIY projects,DIY / Project recognition,UK;USA;Canada,,Personal interest / passion
2025/09/29 10:23:09 AM GMT+6:30,25/05/2010,Male,INTJ,7–8 → High aptitude,Graduate,Moderate / Average,Mandalay ,84,90,86,84,98,0,0,yes,Self-study,1–2 hours,Intermediate,0,Math,Medicine,Debate / Public Speaking,Other (please specify),USA,,Family influence / parental guidance
2025/09/29 10:30:40 AM GMT+6:30,11/10/2005,Male,ENTJ,4–6 → Medium aptitude,Graduate,Comfortable / Above average,Monywa,68,82,0,43,56,0,0,yes,Tuition / Extra Classes,More than 4 hours,Intermediate,0,ICT,IT,Programming / coding clubs,Other (please specify),Thailand,I want to attend,Job availability / employment prospects
2025/09/29 10:33:00 AM GMT+6:30,06/02/2010,Male,INTJ,9–10 → Exceptional aptitude,Graduate,Comfortable / Above average,Mandalay,95,85,90,80,85,97,0,yes,Self-study,Less than 1 hour,Advanced,0,English,IT,Programming / coding clubs;Hackathons / App development projects,Hackathon / App competition prize,UK;Singapore,Oxford,Personal interest / passion
2025/09/29 10:37:51 AM GMT+6:30,27/02/2009,Male,ENTJ,4–6 → Medium aptitude,Non-Graduate,Comfortable / Above average,Mandalay,91,43,88,30,75,65,0,yes,Tuition / Extra Classes,1–2 hours,Intermediate,0,Math,Engineering,DIY projects,Other (please specify),Singapore,,Previous academic performance / aptitude
2025/09/29 10:38:34 AM GMT+6:30,14/09/2006,Female,ISTP,9–10 → Exceptional aptitude,Graduate,Comfortable / Above average,Mandalay,34,27,0,0,30,30,0,yes,Tuition / Extra Classes,1–2 hours,Intermediate,0,Physics,IT,Student Council / Leadership Roles,Student Council / Leadership role,UK,INTO MANCHESTER ,Personal interest / passion
2025/09/29 10:38:38 AM GMT+6:30,07/05/2009,Male,ENTP,9–10 → Exceptional aptitude,Graduate,Moderate / Average,Mandalay,85,70,0,0,76,76,0,yes,Tuition / Extra Classes,2–3 hours,Beginner,0,ICT,Engineering,DIY projects,Other (please specify),Singapore,,Job availability / employment prospects
2025/09/29 10:38:54 AM GMT+6:30,11/04/2008,Female,ISFP,7–8 → High aptitude,Graduate,Moderate / Average,GIC,76,92,90,68,80,86,0,yes,Self-study,2–3 hours,Intermediate,0,English,Medicine,"Volunteering at hospitals, clinics, or NGOs",Debate / Public Speaking awards,Canada,University of Toronto ,Job availability / employment prospects
2025/09/29 10:40:31 AM GMT+6:30,22/09/2008,Female,ISTJ,4–6 → Medium aptitude,Graduate,Limited / Basic,Mandalay,96,70,0,0,98,99,0,yes,Self-study,2–3 hours,Beginner,0,ICT,IT,"Volunteering at hospitals, clinics, or NGOs",Volunteering recognition,UK;USA;Canada,,Personal interest / passion
2025/09/29 10:40:39 AM GMT+6:30,10/04/2009,Female,INTJ,7–8 → High aptitude,Graduate,Moderate / Average,Pyin Oo Lwin,90,85,90,85,95,85,75,yes,Self-study,1–2 hours,Intermediate,0,Science,Medicine,"Volunteering at hospitals, clinics, or NGOs",Volunteering recognition,Canada,Sapienza,Family influence / parental guidance
2025/09/29 10:41:50 AM GMT+6:30,12/02/2008,Prefer not to say,ESTJ,0–3 → Low aptitude,Non-Graduate,Comfortable / Above average,Yangon,56,65,0,0,0,86,0,no,Self-study,Less than 1 hour,Beginner,0,English,IT,Debate / Public Speaking,Volunteering recognition,UK,,Personal interest / passion
2025/09/29 10:42:20 AM GMT+6:30,10/05/2008,Female,INFJ,4–6 → Medium aptitude,Graduate,Comfortable / Above average,Mandalay ,72,85,96,91,82,100,70,no,Tuition / Extra Classes,More than 4 hours,Intermediate,0,Business,Business,DIY projects,DIY / Project recognition,Singapore,nanyang technological university,Personal interest / passion
2025/09/29 10:43:10 AM GMT+6:30,10/10/2008,Female,ISFJ,4–6 → Medium aptitude,Graduate,Moderate / Average,Mandalay,90,90,0,0,80,90,0,yes,Tuition / Extra Classes,2–3 hours,Advanced,0,Math,IT,DIY projects,Student Council / Leadership role,Singapore,,Family influence / parental guidance
2025/09/29 10:43:40 AM GMT+6:30,18/03/2008,Female,ENTP,7–8 → High aptitude,Graduate,Moderate / Average,Mandalay,55,95,90,95,90,80,80,yes,Self-study,1–2 hours,Intermediate,0,English,IT,DIY projects,Other (please specify),UK;USA;Canada,,Job availability / employment prospects
2025/09/29 10:44:23 AM GMT+6:30,12/10/2007,Female,INTP,7–8 → High aptitude,Graduate,Moderate / Average,Mandalay,20,83,0,0,0,38,0,yes,Tuition / Extra Classes,Less than 1 hour,Intermediate,0,English,Business,Debate / Public Speaking;DIY projects,DIY / Project recognition,UK,have not researched ,Personal interest / passion
2025/09/29 10:44:34 AM GMT+6:30,29/09/2025,Female,ENTP,7–8 → High aptitude,Graduate,Comfortable / Above average,Mandalay ,78,83,0,0,72.5,69,0,no,Self-study,2–3 hours,Advanced,0,English,IT,Debate / Public Speaking,Volunteering recognition,Canada,University of Alberta,Personal interest / passion
2025/09/29 10:44:36 AM GMT+6:30,02/12/2009,Male,ISTJ,7–8 → High aptitude,Graduate,Moderate / Average,Mandalay,77,89,90,65,86,87,0,no,Self-study,1–2 hours,Advanced,0,ICT,Medicine,Debate / Public Speaking,Other (please specify),Singapore,,Previous academic performance / aptitude
2025/09/29 10:45:54 AM GMT+6:30,16/10/2009,Female,ISTJ,7–8 → High aptitude,Graduate,Moderate / Average,Monywa,70,60,0,0,0,60,24,yes,Self-study,1–2 hours,Intermediate,0,Math,Business,Debate / Public Speaking;DIY projects,Debate / Public Speaking awards,Singapore,,Personal interest / passion
2025/09/29 10:47:23 AM GMT+6:30,27/02/2009,Male,ENTJ,4–6 → Medium aptitude,Non-Graduate,Comfortable / Above average,mandalay,88,44.5,0,45,76,70,0,yes,Group study,1–2 hours,Beginner,0,Math,Engineering,Building miniatures / models,Other (please specify),Canada,,Previous academic performance / aptitude
2025/09/29 10:51:15 AM GMT+6:30,03/08/2007,Male,ISFJ,4–6 → Medium aptitude,Non-Graduate,Comfortable / Above average,Mandalay,60,80,0,50,40,60,45,yes,Tuition / Extra Classes,More than 4 hours,Intermediate,0,English,Business,Debate / Public Speaking,Other (please specify),USA,Harvard,Job availability / employment prospects
2025/09/29 10:52:02 AM GMT+6:30,23/07/2009,Female,ISFP,9–10 → Exceptional aptitude,Graduate,Comfortable / Above average,Mandalay,75,80,0,70,75,65,0,yes,Tuition / Extra Classes,2–3 hours,Intermediate,0,Math,Business,"Volunteering at hospitals, clinics, or NGOs;DIY projects;Building miniatures / models",DIY / Project recognition,Singapore,SIM,Job availability / employment prospects
2025/09/29 10:52:48 AM GMT+6:30,14/03/2007,Female,ISTJ,9–10 → Exceptional aptitude,Non-Graduate,Comfortable / Above average,Mandalay,85,45,83,95,89,85,0,yes,Self-study,2–3 hours,Intermediate,0,Math,Engineering,Building miniatures / models,Other (please specify),Singapore,poly,Personal interest / passion
2025/09/29 11:11:05 AM GMT+6:30,10/01/2008,Male,ISFJ,7–8 → High aptitude,Non-Graduate,Limited / Basic,Yangon,95,70,0,80,82,0,73,yes,Self-study,2–3 hours,Intermediate,0,Math,Engineering,"Volunteering at hospitals, clinics, or NGOs;Building miniatures / models",Model building recognition,USA,,Job availability / employment prospects
2025/09/29 12:09:45 PM GMT+6:30,16/03/2008,Female,ISFJ,4–6 → Medium aptitude,Graduate,Comfortable / Above average,Mandalay,60,65,0,0,70,70,0,yes,Self-study,2–3 hours,Intermediate,0,Math,IT,Programming / coding clubs,Other (please specify),Canada,,Job availability / employment prospects
2025/09/29 1:54:02 PM GMT+6:30,20/03/1990,Female,INTP,4–6 → Medium aptitude,Graduate,Comfortable / Above average,Mandalay ,56,62,0,74,78,0,82,no,Self-study,2–3 hours,Advanced,0,Business,Business,"Volunteering at hospitals, clinics, or NGOs",Student Council / Leadership role,Singapore,NUS,Family influence / parental guidance
2025/09/29 2:00:43 PM GMT+6:30,19/06/2007,Female,ISTP,9–10 → Exceptional aptitude,Graduate,Comfortable / Above average,Online,95,64,0,0,92,91,90,no,Self-study,More than 4 hours,Intermediate,0,Physics,Engineering,Building miniatures / models,Model building recognition,Singapore,Singapore Polytechnic ,Family influence / parental guidance
2025/09/29 2:03:12 PM GMT+6:30,11/07/2003,Male,INFP,4–6 → Medium aptitude,Graduate,Comfortable / Above average,Mandalay,95,95,90,90,93,95,93,no,Self-study,1–2 hours,Advanced,0,Science,Business,Debate / Public Speaking,Other (please specify),USA,,Personal interest / passion
2025/09/29 2:13:30 PM GMT+6:30,05/05/2004,Female,ISFP,7–8 → High aptitude,Graduate,Comfortable / Above average,Mandalay,70,72,90,90,70,68,70,no,Tuition / Extra Classes,2–3 hours,Beginner,0,Chemistry,Medicine,"Volunteering at hospitals, clinics, or NGOs",Other (please specify),Canada;Thailand,"McGill University,Chulalongkorn University",Personal interest / passion
2025/09/29 3:01:42 PM GMT+6:30,28/01/2008,Male,INTJ,4–6 → Medium aptitude,Graduate,Comfortable / Above average,Mandalay,93,90,90,94,98,0,0,no,Self-study,3–4 hours,Advanced,0,Chemistry,Medicine,"Volunteering at hospitals, clinics, or NGOs",Volunteering recognition,UK,,Personal interest / passion
2025/09/29 3:42:59 PM GMT+6:30,07/01/2007,Female,ISFJ,9–10 → Exceptional aptitude,Non-Graduate,Comfortable / Above average,Mandalay ,78,94,0,0,0,0,0,yes,Self-study,More than 4 hours,Beginner,0,English,IT,DIY projects,DIY / Project recognition,UK;USA,parsons school of design,Personal interest / passion
2025/09/29 5:35:05 PM GMT+6:30,21/10/1999,Female,INFJ,7–8 → High aptitude,Non-Graduate,Moderate / Average,Mandalay ,50,42,0,42,43,0,0,no,Self-study,2–3 hours,Intermediate,0,English,Business,Debate / Public Speaking;DIY projects;Building miniatures / models,DIY / Project recognition,Canada,,Personal interest / passion
2025/09/29 5:50:02 PM GMT+6:30,03/06/2005,Female,ISTJ,9–10 → Exceptional aptitude,Graduate,Moderate / Average,Mandalay ,80,75,90,90,90,0,0,no,Self-study,2–3 hours,Intermediate,0,English,Medicine,"Debate / Public Speaking;Student Council / Leadership Roles;Volunteering at hospitals, clinics, or NGOs",Other (please specify),Thailand,I really want to get scholar with acupuncture to china.,Third year student in UTM
2025/09/29 7:24:10 PM GMT+6:30,29/06/2002,Female,ISTJ,7–8 → High aptitude,Non-Graduate,Moderate / Average,Hteegyaint ,80,61,89,80,66,0,0,no,Self-study,2–3 hours,Beginner,0,English,Medicine,"Volunteering at hospitals, clinics, or NGOs",Other (please specify),Thailand,No,Family influence / parental guidance
2025/09/29 8:21:30 PM GMT+6:30,25/03/2007,Male,INFJ,4–6 → Medium aptitude,Graduate,Comfortable / Above average,Mandalay,83,88,0,0,89,89,0,no,Self-study,2–3 hours,Intermediate,0,Math,IT,Debate / Public Speaking;Student Council / Leadership Roles;Programming / coding clubs,Volunteering recognition,Singapore,Attending Republic Poly now and would love to attend Either NTU or NUS from Singapore,Personal interest / passion
2025/09/29 9:02:34 PM GMT+6:30,03/03/2006,Male,ENTJ,7–8 → High aptitude,Non-Graduate,Moderate / Average,AGTI (KyauKsae),89,62,54,68,72,92,71,no,Tuition / Extra Classes,2–3 hours,Beginner,0,Math,IT,Programming / coding clubs,Programming / Coding award,Canada,Toronto University ,Previous academic performance / aptitude
2025/09/29 10:17:22 PM GMT+6:30,22/08/2003,Female,INFJ,4–6 → Medium aptitude,Graduate,Moderate / Average,Mandalay,68,68,44,72,66,81,66,no,Self-study,2–3 hours,Intermediate,5,English,Business,Debate / Public Speaking;Student Council / Leadership Roles;DIY projects,Student Council / Leadership role,UK,Uclan,Personal interest / passion
2025/09/29 10:28:50 PM GMT+6:30,09/03/2009,Female,ISFJ,4–6 → Medium aptitude,Graduate,,Mdy,60,80,89,0,0,80,70,yes,Self-study,Less than 1 hour,Intermediate,0,Business,Business,Debate / Public Speaking;Student Council / Leadership Roles,Student Council / Leadership role,UK;Canada,,Student
2025/09/29 10:30:36 PM GMT+6:30,04/06/2003,Female,ISFJ,4–6 → Medium aptitude,Graduate,Moderate / Average,"No1 Basic Education High School, Sagaing",50,60,0,60,68,0,70,no,Tuition / Extra Classes,More than 4 hours,Intermediate,0,English,Business,Student Council / Leadership Roles,Other (please specify),Thailand,DPU,Job availability / employment prospects
2025/09/29 11:51:32 PM GMT+6:30,21/08/2007,Male,INTP,9–10 → Exceptional aptitude,Graduate,Comfortable / Above average,Chaing Mai,83,60,0,0,75,73,0,no,Tuition / Extra Classes,3–4 hours,Intermediate,6.5,Math,Engineering,DIY projects,Other (please specify),Thailand,Chulalongkorn University,Personal interest / passion
2025/09/30 12:56:55 AM GMT+6:30,20/08/2006,Female,ISFP,4–6 → Medium aptitude,Graduate,Moderate / Average,Mandalay ,80,50,0,75,70,80,0,no,Self-study,1–2 hours,Intermediate,0,Math,Engineering,Debate / Public Speaking;DIY projects,Other (please specify),USA;Canada,,Personal interest / passion
2025/09/30 7:01:39 AM GMT+6:30,17/02/2000,Male,ESTJ,9–10 → Exceptional aptitude,Non-Graduate,Moderate / Average,Mahlaing,85,79,97,93,70,0,0,no,Self-study,Less than 1 hour,Intermediate,6,ICT,IT,"Student Council / Leadership Roles;Volunteering at hospitals, clinics, or NGOs",Volunteering recognition,UK;Canada,"UK Wolver, Now, attending BSc for CS at Wolver",Previous academic performance / aptitude
2025/09/30 7:57:05 AM GMT+6:30,09/03/2008,Female,ISFP,9–10 → Exceptional aptitude,Graduate,Moderate / Average,Mandalay ,89,81,0,93,92,91,0,no,Self-study,3–4 hours,Advanced,0,Physics,Engineering,Student Council / Leadership Roles,Other (please specify),Singapore,,Previous academic performance / aptitude
2025/09/30 1:17:05 PM GMT+6:30,30/03/2009,Male,INFP,4–6 → Medium aptitude,Non-Graduate,Moderate / Average,Mdy,70,60,0,0,0,65,87,yes,Self-study,1–2 hours,Intermediate,6,Business,Business,DIY projects,DIY / Project recognition,UK,New castle ,Job availability / employment prospects
2025/09/30 1:19:22 PM GMT+6:30,27/12/2006,Female,ESFJ,7–8 → High aptitude,Graduate,Comfortable / Above average,Pakokku,98,63,0,89,92,100,0,yes,Self-study,More than 4 hours,Intermediate,0,Physics,Engineering,"Volunteering at hospitals, clinics, or NGOs;Science clubs;Building miniatures / models",Other (please specify),Canada,Toronto ,Personal interest / passion
2025/09/30 1:22:42 PM GMT+6:30,07/04/2008,Female,INTP,4–6 → Medium aptitude,Graduate,Moderate / Average,Mandalay,40,80,0,0,49,50,0,yes,Tuition / Extra Classes,2–3 hours,Intermediate,0,English,IT,Programming / coding clubs;DIY projects;Building miniatures / models,Other (please specify),Singapore,,Personal interest / passion
2025/09/30 1:22:50 PM GMT+6:30,12/11/2009,Male,ENFP,7–8 → High aptitude,Graduate,Moderate / Average,Mandalay,50,80,80,90,60,60,0,yes,Group study,Less than 1 hour,Advanced,0,Chemistry,Medicine,Debate / Public Speaking;Student Council / Leadership Roles;Programming / coding clubs,Science fair / Olympiad prize,UK,Oxford University,Previous academic performance / aptitude
2025/09/30 1:23:09 PM GMT+6:30,19/04/2009,Female,ENFP,7–8 → High aptitude,Graduate,Comfortable / Above average,Mandalay,40,95,50,80,50,50,0,yes,Tuition / Extra Classes,1–2 hours,Advanced,0,English,Medicine,Debate / Public Speaking;Science clubs;DIY projects,DIY / Project recognition,UK,king's college london,Family influence / parental guidance
2025/09/30 1:23:38 PM GMT+6:30,25/06/2009,Female,ISTP,7–8 → High aptitude,Graduate,Comfortable / Above average,Mandalay,95,79,0,87,92,78,0,yes,Self-study,3–4 hours,Intermediate,0,Math,Engineering,Debate / Public Speaking;Building miniatures / models,Model building recognition,Canada,NTU,Personal interest / passion
2025/09/30 1:23:55 PM GMT+6:30,11/11/2009,Male,ESFP,4–6 → Medium aptitude,Graduate,Moderate / Average,Mandalay,60,72,66,81,64,71,0,yes,Tuition / Extra Classes,1–2 hours,Intermediate,0,Physics,Medicine,Science clubs,Other (please specify),UK,,Personal interest / passion
2025/09/30 1:27:26 PM GMT+6:30,01/09/2008,Male,INFP,7–8 → High aptitude,Graduate,Moderate / Average,Mandalay,80,80,0,75,75,75,0,yes,Tuition / Extra Classes,3–4 hours,Advanced,0,Physics,Engineering,Debate / Public Speaking;DIY projects,Science fair / Olympiad prize,UK,Oxford,Personal interest / passion
2025/09/30 1:29:19 PM GMT+6:30,07/05/2009,Female,ENFJ,9–10 → Exceptional aptitude,Graduate,Comfortable / Above average,Mandalay,80,98,0,90,78,80,0,yes,Self-study,2–3 hours,Advanced,0,English,Engineering,DIY projects,Debate / Public Speaking awards,Singapore,NUS,Personal interest / passion
2025/09/30 1:34:17 PM GMT+6:30,03/08/2007,Female,INFJ,4–6 → Medium aptitude,Graduate,Moderate / Average,Mandalay,85,79,0,93,90,59,0,yes,Self-study,1–2 hours,Intermediate,0,Chemistry,Engineering,Debate / Public Speaking;DIY projects,DIY / Project recognition,Canada,Haven’t choose yet,Personal interest / passion
2025/09/30 1:40:58 PM GMT+6:30,01/08/2007,Prefer not to say,ENTJ,7–8 → High aptitude,Non-Graduate,Comfortable / Above average,"60th street, between 40×41",73,72,92,78,67,80,79,yes,Self-study,Less than 1 hour,Advanced,0,Science,Medicine,Debate / Public Speaking;DIY projects,Debate / Public Speaking awards,UK;USA,,Country situation 
2025/09/30 1:55:20 PM GMT+6:30,07/08/2009,Prefer not to say,ISTJ,7–8 → High aptitude,Graduate,Comfortable / Above average,Mandalay,65,91,85,82,76,63,96,yes,Self-study,2–3 hours,Intermediate,0,English,Business,Debate / Public Speaking,Debate / Public Speaking awards,UK;USA,,Personal interest / passion
2025/09/30 2:04:25 PM GMT+6:30,30/09/2025,Female,ENTJ,7–8 → High aptitude,Graduate,Moderate / Average,GIC,98,84,96,88,92,88,78,yes,Tuition / Extra Classes,3–4 hours,Intermediate,0,Physics,Engineering,Debate / Public Speaking;Science clubs;Building miniatures / models,Student Council / Leadership role,UK;Canada;Thailand,Oxford ,Personal interest / passion
2025/09/30 3:34:21 PM GMT+6:30,15/12/2008,Female,ESFP,4–6 → Medium aptitude,Non-Graduate,Moderate / Average,Mandalay ,60,50,0,0,0,50,65,yes,Self-study,3–4 hours,Intermediate,0,Business,Business,Debate / Public Speaking;Student Council / Leadership Roles,Debate / Public Speaking awards,UK;Canada,Oxford University ,Personal interest / passion
2025/09/30 4:56:30 PM GMT+6:30,23/10/2007,Female,ENFP,7–8 → High aptitude,Graduate,Comfortable / Above average,Mandalay ,70,70,50,90,60,95,0,yes,Tuition / Extra Classes,Less than 1 hour,Intermediate,0,ICT,IT,Programming / coding clubs,Other (please specify),UK;USA,MIT ,Personal interest / passion
2025/09/30 6:38:23 PM GMT+6:30,07/03/2008,Male,INFJ,9–10 → Exceptional aptitude,Graduate,Moderate / Average,Mandalay,89,76,79,80,86,85,0,yes,Self-study,1–2 hours,Intermediate,0,Math,IT,Programming / coding clubs,Programming / Coding award,UK;Canada;Singapore,,Personal interest / passion
2025/09/30 6:44:36 PM GMT+6:30,19/07/2007,Female,INFJ,4–6 → Medium aptitude,Non-Graduate,Comfortable / Above average,Mandalay,100,78,97,95,85,91,0,yes,Self-study,1–2 hours,Intermediate,0,Math,Medicine,Debate / Public Speaking,Student Council / Leadership role,Canada,Toronto ,Personal interest / passion
2025/09/30 7:16:03 PM GMT+6:30,18/09/2007,Male,INFP,7–8 → High aptitude,Graduate,Comfortable / Above average,Mandalay,95,93,91,0,0,98,0,no,Self-study,3–4 hours,Advanced,8.5,Science,Business,"Volunteering at hospitals, clinics, or NGOs",Volunteering recognition,Canada,,Peer influence / friends
2025/09/30 7:43:21 PM GMT+6:30,17/06/2011,Male,INTJ,4–6 → Medium aptitude,Non-Graduate,Comfortable / Above average,Yangoon,76,50,80,80,85,80,80,yes,Self-study,1–2 hours,Intermediate,0,Business,Business,Student Council / Leadership Roles,Volunteering recognition,UK,Probably Cambridge or oxford ,Personal interest / passion
2025/09/30 7:47:13 PM GMT+6:30,01/12/2008,Male,INFJ,4–6 → Medium aptitude,Non-Graduate,Moderate / Average,North Dagon,80,95,80,60,60,34,22,yes,Self-study,1–2 hours,Advanced,0,English,IT,Student Council / Leadership Roles;Building miniatures / models,Other (please specify),USA;Canada,,Personal interest / passion
2025/09/30 7:48:44 PM GMT+6:30,30/09/2008,Female,ENFJ,7–8 → High aptitude,Graduate,Moderate / Average,Yangon ,83,80,0,0,0,100,95,yes,Tuition / Extra Classes,More than 4 hours,Intermediate,0,Business,Business,Student Council / Leadership Roles,Other (please specify),Canada,.,Personal interest / passion
2025/09/30 7:55:20 PM GMT+6:30,23/05/2010,Male,ENFP,4–6 → Medium aptitude,Graduate,Comfortable / Above average,Monywa,95,75,0,79,95,92,0,yes,Tuition / Extra Classes,Less than 1 hour,Advanced,0,Physics,Engineering,Debate / Public Speaking;Student Council / Leadership Roles;Programming / coding clubs;DIY projects;Building miniatures / models,Other (please specify),UK;Singapore,,Personal interest / passion
2025/09/30 7:57:42 PM GMT+6:30,08/08/2010,Female,INTJ,7–8 → High aptitude,Graduate,Moderate / Average,Mandalay,75,90,75,75,80,70,0,yes,Self-study,1–2 hours,Intermediate,0,ICT,IT,Debate / Public Speaking;DIY projects,Other (please specify),USA;Canada,I don’t have one yet,Personal interest / passion
2025/09/30 8:02:08 PM GMT+6:30,24/08/2008,Female,INTJ,9–10 → Exceptional aptitude,Graduate,Moderate / Average,Mandalay,90,76,0,0,70,70,0,yes,Self-study,1–2 hours,Intermediate,0,Math,Medicine,Debate / Public Speaking,Other (please specify),UK,University of Bristol ,Family influence / parental guidance
2025/09/30 8:03:47 PM GMT+6:30,28/09/2009,Male,INFJ,7–8 → High aptitude,Graduate,Moderate / Average,Mandalay,70,85,0,0,0,0,0,no,Self-study,Less than 1 hour,Intermediate,0,Business,Business,"Volunteering at hospitals, clinics, or NGOs",Volunteering recognition,Singapore,Polytechnic ,Personal interest / passion
2025/09/30 8:04:18 PM GMT+6:30,06/04/2009,Female,ENFP,7–8 → High aptitude,Graduate,Moderate / Average,Mandalay,74,75,85,65,64,70,95,yes,Self-study,1–2 hours,Intermediate,0,English,Business,DIY projects,Other (please specify),Singapore,NUS,Personal interest / passion
2025/09/30 8:04:54 PM GMT+6:30,30/10/2006,Male,ISTJ,9–10 → Exceptional aptitude,Graduate,Moderate / Average,Mandalay,80,65,0,90,95,70,65,no,Self-study,2–3 hours,Intermediate,0,Physics,Engineering,Science clubs,Volunteering recognition,Canada,Carleton or waterloo,passion and salary
2025/09/30 8:07:47 PM GMT+6:30,15/06/2006,Male,ENFJ,9–10 → Exceptional aptitude,Graduate,Moderate / Average,Mandalay ,93,97,88,88,96,99,0,yes,Self-study,Less than 1 hour,Advanced,0,Math,Business,Debate / Public Speaking;Student Council / Leadership Roles;DIY projects;Building miniatures / models,DIY / Project recognition,UK;Canada,,Personal interest / passion
2025/09/30 8:10:26 PM GMT+6:30,14/05/2009,Male,INTP,9–10 → Exceptional aptitude,Graduate,,Mandalay ,95,80,0,85,93,82,0,yes,Self-study,Less than 1 hour,Intermediate,0,Math,Engineering,Building miniatures / models,Other (please specify),UK;Singapore,,Personal interest / passion
2025/09/30 8:12:07 PM GMT+6:30,15/09/2008,Male,ISTJ,7–8 → High aptitude,Graduate,Moderate / Average,Yangon,98.6,95.5,0,0,85,80,0,yes,Self-study,More than 4 hours,Advanced,0,Math,IT,Programming / coding clubs;Hackathons / App development projects,Other (please specify),Singapore,National university of Singapore ,Personal interest / passion
2025/09/30 8:12:44 PM GMT+6:30,28/10/1998,Gay,ISFP,4–6 → Medium aptitude,Graduate,Moderate / Average,Yangon,60,44,69,44,74,70,70,no,Tuition / Extra Classes,2–3 hours,Intermediate,0,Physics,IT,Debate / Public Speaking;Science clubs;Programming / coding clubs;Hackathons / App development projects,Other (please specify),UK,,Personal interest / passion
2025/09/30 8:14:10 PM GMT+6:30,03/06/2009,Male,ISTJ,7–8 → High aptitude,Non-Graduate,Moderate / Average,Yangon ,90,78,80,85,90,0,0,yes,Self-study,1–2 hours,Intermediate,0,Math,IT,DIY projects,DIY / Project recognition,UK;Singapore;Thailand,,Peer influence / friends
2025/09/30 8:16:30 PM GMT+6:30,30/09/2025,Female,ENTJ,9–10 → Exceptional aptitude,Graduate,Moderate / Average,Yangon ,50,68,0,0,0,95,88,yes,Tuition / Extra Classes,2–3 hours,Intermediate,0,Business,Business,Debate / Public Speaking,Other (please specify),UK;Canada,"RMIT, Torrens University, Queensland University of Technology ",Personal interest / passion
2025/09/30 8:18:25 PM GMT+6:30,24/10/2007,Male,ISTJ,7–8 → High aptitude,Graduate,Comfortable / Above average,Mandalay,90,70,0,80,80,99,0,yes,Self-study,2–3 hours,Intermediate,0,Math,IT,Student Council / Leadership Roles,Student Council / Leadership role,UK,Oxford,Personal interest / passion
2025/09/30 8:20:39 PM GMT+6:30,27/02/1995,Female,INFP,7–8 → High aptitude,Graduate,Comfortable / Above average,BEHS.SaLinGyi,57,68,65,78,65,0,0,no,Tuition / Extra Classes,More than 4 hours,Intermediate,0,ICT,IT,Debate / Public Speaking;Student Council / Leadership Roles;Programming / coding clubs;Hackathons / App development projects,Debate / Public Speaking awards,UK;USA;Singapore,University of Greenwich ,Teachers / mentors
2025/09/30 8:22:05 PM GMT+6:30,27/01/2010,Male,INTP,9–10 → Exceptional aptitude,Graduate,Moderate / Average,Mandalay,82,87,0,83,73,84,0,yes,Tuition / Extra Classes,Less than 1 hour,Intermediate,8,Math,IT,Programming / coding clubs;Hackathons / App development projects;DIY projects,Programming / Coding award,Singapore,NUS,Personal interest / passion
2025/09/30 8:27:55 PM GMT+6:30,28/10/2007,Female,ISFJ,9–10 → Exceptional aptitude,Graduate,Moderate / Average,MANDALAY,60,75,0,0,60,82,0,yes,Self-study,3–4 hours,Intermediate,0,ICT,IT,Debate / Public Speaking,Volunteering recognition,UK,"University of Edinburgh, University of Glasgow, Cardiff University",Personal interest / passion
2025/09/30 8:34:42 PM GMT+6:30,29/04/1998,Female,INTP,7–8 → High aptitude,Graduate,Moderate / Average,Yangon,82,70,60,87,84,0,0,no,Tuition / Extra Classes,2–3 hours,Intermediate,0,ICT,IT,Programming / coding clubs;Hackathons / App development projects;DIY projects,Other (please specify),UK;USA;Canada,,Previous academic performance / aptitude
2025/09/30 8:40:48 PM GMT+6:30,10/12/2004,Male,ISFP,9–10 → Exceptional aptitude,Graduate,Limited / Basic,STI MyanmarCollege Mandalay,98,65,74,88,60,77,82,no,Self-study,2–3 hours,Intermediate,0,Math,Engineering,Debate / Public Speaking;Building miniatures / models,Other (please specify),UK;Canada,University of Manchester ,Personal interest / passion
2025/09/30 8:43:03 PM GMT+6:30,17/12/2009,Female,INFJ,9–10 → Exceptional aptitude,Graduate,Moderate / Average,Mandalay,98,87,96,94,85,94,0,yes,Self-study,More than 4 hours,Intermediate,0,Math,Medicine,"Debate / Public Speaking;Volunteering at hospitals, clinics, or NGOs;Programming / coding clubs;DIY projects",Science fair / Olympiad prize,UK;Singapore,"University of Bristol, University of St Andrews, University of Glasgow, Oxford University and National University of Singapore",Personal interest / passion
2025/09/30 8:44:52 PM GMT+6:30,06/11/1999,Female,ISFJ,4–6 → Medium aptitude,Graduate,Comfortable / Above average,Sagaing Division,75,75,75,75,75,0,0,no,Tuition / Extra Classes,More than 4 hours,Intermediate,0,Math,Business,"Volunteering at hospitals, clinics, or NGOs",Volunteering recognition,UK,,Job availability / employment prospects
2025/09/30 8:45:21 PM GMT+6:30,11/11/2009,Female,INFJ,7–8 → High aptitude,Graduate,Comfortable / Above average,Monywa,93,96,99,97,90,98,0,yes,Self-study,2–3 hours,Advanced,0,Science,Medicine,Debate / Public Speaking;Student Council / Leadership Roles;Science clubs,Other (please specify),UK;USA;Canada,"Harvard, Oxford, Toronto, Imperial College","A combination of personal interest, family influence, teachers, previous academic performance"
2025/09/30 8:45:22 PM GMT+6:30,30/01/2006,Male,ENFP,9–10 → Exceptional aptitude,Graduate,Limited / Basic,Mandalay,70,90,0,0,0,0,0,yes,Tuition / Extra Classes,3–4 hours,Advanced,8,ICT,IT,Debate / Public Speaking;Building miniatures / models,Model building recognition,Singapore,NUS,I just want the bread
2025/09/30 8:52:53 PM GMT+6:30,28/05/2008,Female,ENFP,7–8 → High aptitude,Graduate,Moderate / Average,Mandalay,95,80,0,0,97,0,0,yes,Self-study,1–2 hours,Advanced,0,English,IT,"Student Council / Leadership Roles;Volunteering at hospitals, clinics, or NGOs;Building miniatures / models",Student Council / Leadership role,Canada,,Personal interest / passion
2025/09/30 8:56:31 PM GMT+6:30,18/09/2006,Male,INFJ,9–10 → Exceptional aptitude,Non-Graduate,Comfortable / Above average,Singapore,96,65,0,96,94,92,0,no,Self-study,1–2 hours,Intermediate,0,Math,Engineering,"Student Council / Leadership Roles;Volunteering at hospitals, clinics, or NGOs",Student Council / Leadership role;Volunteering recognition,Singapore,"Singapore Polytechnic (currently), NTU and NUS in the future",Teachers / mentors
2025/09/30 8:57:58 PM GMT+6:30,25/12/2002,Male,ENTP,9–10 → Exceptional aptitude,Non-Graduate,Comfortable / Above average,Yangon,80,80,0,80,80,85,0,no,Self-study,Less than 1 hour,Advanced,0,Physics,Business,DIY projects,DIY / Project recognition,UK,,Personal interest / passion
2025/09/30 9:01:41 PM GMT+6:30,05/02/2007,Female,INFJ,9–10 → Exceptional aptitude,Graduate,Moderate / Average,Bago,86,95,0,67,69,65,0,no,Self-study,More than 4 hours,Intermediate,0,English,Engineering,Student Council / Leadership Roles;Programming / coding clubs;DIY projects,DIY / Project recognition;Model building recognition;Other (please specify),UK;Singapore,I am currently attending polytechnic in Singapore and for UK I am not sure which one I want to study in.,Personal interest / passion
2025/09/30 9:02:39 PM GMT+6:30,22/07/2001,Male,INFJ,9–10 → Exceptional aptitude,Graduate,Limited / Basic,Taunggyi,81,69,78,80,80,0,0,no,Self-study,1–2 hours,Beginner,0,English,IT,DIY projects,Science fair / Olympiad prize,Thailand,,Personal interest / passion
2025/09/30 9:07:43 PM GMT+6:30,1150-02-09,Male,ENTJ,7–8 → High aptitude,Non-Graduate,Moderate / Average,Mandalay,42,85,76,86,64,91,0,no,Tuition / Extra Classes,1–2 hours,Advanced,0,Physics,IT,Student Council / Leadership Roles;Science clubs,Other (please specify),USA,,Personal interest / passion
2025/09/30 9:08:51 PM GMT+6:30,24/11/2009,Female,ENFJ,7–8 → High aptitude,Non-Graduate,Moderate / Average,Mandalay,50,70,0,0,0,0,0,yes,Self-study,Less than 1 hour,Intermediate,0,Science,IT,Debate / Public Speaking,Other (please specify),UK;USA,,Job availability / employment prospects
2025/09/30 9:49:16 PM GMT+6:30,11/06/2008,Female,ENFP,9–10 → Exceptional aptitude,Graduate,Moderate / Average,Yangon,73,97,0,0,80,83,0,yes,Self-study,2–3 hours,Intermediate,0,English,IT,Debate / Public Speaking;Student Council / Leadership Roles;DIY projects,Debate / Public Speaking awards;Student Council / Leadership role,UK;Singapore,,Teachers / mentors
2025/09/30 9:59:54 PM GMT+6:30,27/08/2009,Female,INTJ,7–8 → High aptitude,Graduate,Comfortable / Above average,Mandalay,73,90,86,75,82.5,80,80,yes,Tuition / Extra Classes,More than 4 hours,Intermediate,0,Science,Business,DIY projects;Building miniatures / models,Science fair / Olympiad prize;DIY / Project recognition,UK,,Family influence / parental guidance
2025/09/30 10:11:50 PM GMT+6:30,23/09/2005,Prefer not to say,ENFP,4–6 → Medium aptitude,Non-Graduate,Moderate / Average,Chanmyatharzi,84,87,0,0,0,85,80,yes,Self-study,3–4 hours,Intermediate,0,ICT,IT,Debate / Public Speaking,Debate / Public Speaking awards,UK;Canada,coventry,Personal interest / passion
2025/09/30 10:21:24 PM GMT+6:30,19/12/2001,Male,ISTJ,4–6 → Medium aptitude,Graduate,Moderate / Average,Mandalay,90,73,89,90,75,0,0,no,Self-study,Less than 1 hour,Intermediate,0,Business,Business,Debate / Public Speaking,Debate / Public Speaking awards,USA,Middlesex University,Family influence / parental guidance
2025/09/30 10:45:32 PM GMT+6:30,01/09/2025,Male,ISTJ,7–8 → High aptitude,Non-Graduate,Moderate / Average,Yangon,60,6.5,70,70,74,4,0,no,Self-study,Less than 1 hour,Intermediate,6.5,ICT,IT,Programming / coding clubs;DIY projects,Volunteering recognition;DIY / Project recognition,UK;USA,I want to attend : Massachusetts Institute of Technology (MIT),Personal interest / passion
2025/09/30 10:58:04 PM GMT+6:30,03/09/2008,Male,INFJ,7–8 → High aptitude,Graduate,Comfortable / Above average,Mandalay ,85,70,90,83,78,90,0,yes,Self-study,2–3 hours,Intermediate,0,English,Medicine,Debate / Public Speaking;Student Council / Leadership Roles;DIY projects;Building miniatures / models,Student Council / Leadership role;Model building recognition,UK,Cambridge ,Family influence / parental guidance
2025/09/30 11:08:32 PM GMT+6:30,01/01/2009,Female,INTP,9–10 → Exceptional aptitude,Graduate,,Mandalay,60,90,0,0,0,90,90,yes,Self-study,2–3 hours,Intermediate,0,ICT,Business,Debate / Public Speaking;Student Council / Leadership Roles;DIY projects,Debate / Public Speaking awards;Student Council / Leadership role;DIY / Project recognition,Canada,,Personal interest / passion
2025/09/30 11:14:49 PM GMT+6:30,15/06/2008,Female,INFJ,9–10 → Exceptional aptitude,Graduate,Comfortable / Above average,Helix international school,89,65,90,93,95,85,0,yes,Tuition / Extra Classes,More than 4 hours,Advanced,0,Math,Engineering,"Debate / Public Speaking;Student Council / Leadership Roles;Volunteering at hospitals, clinics, or NGOs;Science clubs;Programming / coding clubs;Hackathons / App development projects;DIY projects;Building miniatures / models",Debate / Public Speaking awards;Student Council / Leadership role;Volunteering recognition;Science fair / Olympiad prize;Programming / Coding award;Hackathon / App competition prize;DIY / Project recognition;Model building recognition,Singapore,,Job availability / employment prospects
2025/09/30 11:33:26 PM GMT+6:30,28/02/2009,Female,INFJ,7–8 → High aptitude,Graduate,Moderate / Average,GIC,78,80,99,98,97,0,0,yes,Self-study,3–4 hours,Intermediate,0,Science,Medicine,"Volunteering at hospitals, clinics, or NGOs",Volunteering recognition;Other (please specify),Canada;Singapore,-,Personal interest / passion
2025/10/01 12:16:37 AM GMT+6:30,01/04/1995,Female,INFJ,7–8 → High aptitude,Graduate,Comfortable / Above average,Mandalay ,85,69,83,86,64,0,0,no,Tuition / Extra Classes,2–3 hours,Intermediate,0,ICT,IT,Debate / Public Speaking;Student Council / Leadership Roles,DIY / Project recognition,UK,,Family influence / parental guidance
2025/10/01 12:27:51 AM GMT+6:30,20/12/2007,Female,ENFJ,9–10 → Exceptional aptitude,Graduate,Moderate / Average,Mandalay ,80,50,0,90,91,63,0,yes,Self-study,1–2 hours,Intermediate,0,Physics,Engineering,Science clubs,Other (please specify),Canada,University of Toronto ,Family influence / parental guidance
2025/10/01 12:46:22 AM GMT+6:30,07/08/2003,Male,ISFJ,7–8 → High aptitude,Graduate,Comfortable / Above average,Yangon,49,53,74,68,78,0,0,no,Tuition / Extra Classes,More than 4 hours,Intermediate,0,Physics,Business,DIY projects;Building miniatures / models,Other (please specify),Canada,University of Toronto ,Family influence / parental guidance
2025/10/01 4:52:36 AM GMT+6:30,18/09/2006,Male,INFJ,7–8 → High aptitude,Graduate,Moderate / Average,Taipei,83,88,91,95,0,0,0,yes,Self-study,2–3 hours,Intermediate,0,Science,Business,"Volunteering at hospitals, clinics, or NGOs;DIY projects;Building miniatures / models",Other (please specify),Canada,,Job availability / employment prospects
2025/10/01 8:59:07 AM GMT+6:30,24/12/2009,Female,ESTP,4–6 → Medium aptitude,Graduate,Moderate / Average,Mandalay,100,88,0,90,85,94,0,no,Self-study,2–3 hours,Intermediate,125,ICT,Medicine,Debate / Public Speaking;Student Council / Leadership Roles,Debate / Public Speaking awards;Student Council / Leadership role;Science fair / Olympiad prize,USA,Harvard University,Personal interest / passion
2025/10/01 9:07:11 AM GMT+6:30,13/07/2006,Female,ISFP,7–8 → High aptitude,Graduate,Comfortable / Above average,npt,73,65,76,81,92,80,75,yes,Tuition / Extra Classes,2–3 hours,Intermediate,0,ICT,IT,Programming / coding clubs;Hackathons / App development projects;DIY projects,Programming / Coding award,Canada,Toronoto University,Personal interest / passion
2025/10/01 9:10:25 AM GMT+6:30,12/09/2007,Male,ISFP,7–8 → High aptitude,Graduate,Comfortable / Above average,Yangon,60,70,80,80,60,90,70,yes,Tuition / Extra Classes,1–2 hours,Intermediate,0,ICT,IT,Student Council / Leadership Roles;Programming / coding clubs;DIY projects;Building miniatures / models,Student Council / Leadership role,Canada;Thailand,Charles University,Personal interest / passion
2025/10/01 9:13:01 AM GMT+6:30,24/09/2008,Female,ISFP,7–8 → High aptitude,Graduate,Comfortable / Above average,Yangon,69,81,0,0,78,74,0,yes,Tuition / Extra Classes,Less than 1 hour,Intermediate,0,English,IT,Programming / coding clubs;Hackathons / App development projects,Debate / Public Speaking awards,Singapore,Nanyang Technological University ,Personal interest / passion
2025/10/01 9:14:04 AM GMT+6:30,03/11/2008,Female,INTP,9–10 → Exceptional aptitude,Graduate,Moderate / Average,Chauk,88,95,0,0,0,83,0,yes,Self-study,Less than 1 hour,Intermediate,0,Physics,Medicine,Debate / Public Speaking,Other (please specify),UK;Singapore,,Personal interest / passion
2025/10/01 9:14:19 AM GMT+6:30,01/07/2008,Female,INFP,9–10 → Exceptional aptitude,Graduate,Comfortable / Above average,Yangon,99,95,85,84,80,0,0,yes,Self-study,3–4 hours,Advanced,0,Chemistry,Medicine,"Volunteering at hospitals, clinics, or NGOs",Other (please specify),Thailand,"NUS, NTU",Family influence / parental guidance
2025/10/01 9:14:55 AM GMT+6:30,02/02/2010,Male,INTJ,7–8 → High aptitude,Graduate,Moderate / Average,Nattalin,98,50,0,0,92,90,0,yes,Self-study,Less than 1 hour,Intermediate,0,ICT,IT,Programming / coding clubs;Hackathons / App development projects,Other (please specify),Singapore,Poly ,Personal interest / passion
2025/10/01 9:19:23 AM GMT+6:30,17/11/2008,Male,ISFP,9–10 → Exceptional aptitude,Graduate,Moderate / Average,Yangon,70,60,0,0,70,0,0,yes,Tuition / Extra Classes,Less than 1 hour,Intermediate,0,Math,Engineering,Science clubs,Other (please specify),UK,,Personal interest / passion
2025/10/01 9:20:44 AM GMT+6:30,29/10/2008,Female,INFJ,7–8 → High aptitude,Graduate,Limited / Basic,Yangon,45,37,58,57,73,77,55,yes,Tuition / Extra Classes,2–3 hours,Intermediate,0,Business,IT,Programming / coding clubs,Volunteering recognition,UK;Singapore,-,Personal interest / passion
2025/10/01 9:35:57 AM GMT+6:30,10/07/2010,Female,INFP,7–8 → High aptitude,Graduate,Comfortable / Above average,Yephyu,90,88,0,0,0,0,0,no,Self-study,Less than 1 hour,Intermediate,0,Math,Medicine,DIY projects,Other (please specify),Singapore,NOT SURE,Family influence / parental guidance
2025/10/01 11:58:24 AM GMT+6:30,12/07/2006,Female,INFJ,9–10 → Exceptional aptitude,Graduate,Moderate / Average,Mandalay ,96,88,0,0,97,88,0,no,Self-study,2–3 hours,Intermediate,0,ICT,IT,Debate / Public Speaking,Student Council / Leadership role,USA;Canada;Thailand,Sapienza University of ROME in Italy,Teachers / mentors
2025/10/01 12:26:08 PM GMT+6:30,25/03/2009,Female,ESTJ,7–8 → High aptitude,Non-Graduate,Moderate / Average,mandalay,100,70,98,84,100,94,90,yes,Tuition / Extra Classes,2–3 hours,Intermediate,0,Math,Business,Student Council / Leadership Roles,Other (please specify),Canada,,Family influence / parental guidance
2025/10/01 12:27:04 PM GMT+6:30,05/02/2004,Male,ISFJ,4–6 → Medium aptitude,Graduate,Moderate / Average,Mandalay,90,78,70,90,80,0,80,no,Self-study,More than 4 hours,Advanced,7,Math,IT,Debate / Public Speaking,Volunteering recognition,UK,University of Coventry,Personal interest / passion
2025/10/01 12:29:52 PM GMT+6:30,24/10/2000,Male,ISFJ,9–10 → Exceptional aptitude,Graduate,Comfortable / Above average,Pyin Oo Lwin ,96,79,88,76,67,79,99,yes,Self-study,3–4 hours,Advanced,8.5,ICT,Medicine,"Student Council / Leadership Roles;Volunteering at hospitals, clinics, or NGOs;DIY projects",Student Council / Leadership role;Volunteering recognition,Canada,NUS,Personal interest / passion
2025/10/01 12:29:59 PM GMT+6:30,23/07/2011,Female,ISFP,4–6 → Medium aptitude,Non-Graduate,Moderate / Average,mandalay,90,90,80,80,76,70,70,yes,Self-study,1–2 hours,Beginner,0,English,Engineering,Building miniatures / models,Model building recognition,USA,,Peer influence / friends
2025/10/01 12:30:06 PM GMT+6:30,14/10/2025,Male,INFJ,7–8 → High aptitude,Graduate,Comfortable / Above average,Globel Pathways International School,75,67,64,59,69,70,70,yes,Tuition / Extra Classes,2–3 hours,Intermediate,0,Math,Business,Student Council / Leadership Roles;Programming / coding clubs,Student Council / Leadership role,USA,,Family influence / parental guidance
2025/10/01 12:30:33 PM GMT+6:30,01/10/2025,Male,ISFJ,4–6 → Medium aptitude,Graduate,Comfortable / Above average,63b,80,60,75,55,40,50,55,yes,Self-study,2–3 hours,Intermediate,40,Physics,Engineering,Building miniatures / models,Model building recognition,Canada,GPIS,Personal interest / passion
2025/10/01 12:33:10 PM GMT+6:30,28/03/2008,Female,INFP,4–6 → Medium aptitude,Non-Graduate,Moderate / Average,Mandalay,56,66,87,78,44,26,76,no,Self-study,1–2 hours,Beginner,0,Chemistry,IT,Science clubs,Science fair / Olympiad prize,Thailand,Chula,Personal interest / passion
2025/10/01 12:33:12 PM GMT+6:30,01/12/2008,Female,INFP,9–10 → Exceptional aptitude,Non-Graduate,Comfortable / Above average,Mandalay,66,68,58,60,50,50,98,no,Self-study,1–2 hours,Intermediate,0,English,Business,"Volunteering at hospitals, clinics, or NGOs;DIY projects",DIY / Project recognition,UK;USA;Canada,NYU,Personal interest / passion
2025/10/01 12:33:24 PM GMT+6:30,28/03/2006,Female,ENFJ,7–8 → High aptitude,Graduate,Moderate / Average,mandalay,90,85,85,90,87,70,65,no,Tuition / Extra Classes,2–3 hours,Intermediate,0,ICT,IT,Programming / coding clubs,Science fair / Olympiad prize;Programming / Coding award,UK,,Personal interest / passion
2025/10/01 12:35:58 PM GMT+6:30,03/08/2009,Female,ESTJ,7–8 → High aptitude,Graduate,Comfortable / Above average,Mandalay,65,72,83,78,68,80,94,yes,Self-study,2–3 hours,Intermediate,0,Science,Medicine,"Volunteering at hospitals, clinics, or NGOs;Science clubs",Student Council / Leadership role;Volunteering recognition,Thailand,Chula,Personal interest / passion
2025/10/01 12:36:14 PM GMT+6:30,21/07/2004,Male,ENFJ,7–8 → High aptitude,Graduate,Moderate / Average,mandalay,79,80,85,89,90,90,80,no,Self-study,1–2 hours,Intermediate,0,ICT,IT,Debate / Public Speaking,Volunteering recognition;Programming / Coding award;Other (please specify),Thailand,aumit,Job availability / employment prospects
2025/10/01 12:37:18 PM GMT+6:30,07/03/2001,Female,INTJ,4–6 → Medium aptitude,Non-Graduate,Comfortable / Above average,Mandalay,74,63,73,74,71,70,60,yes,Self-study,2–3 hours,Intermediate,0,Math,Business,Student Council / Leadership Roles,Other (please specify),UK,,Personal interest / passion
2025/10/01 12:37:48 PM GMT+6:30,04/03/2006,Male,ENTJ,7–8 → High aptitude,Non-Graduate,Comfortable / Above average,Mandalay,60,70,50,60,75,66,67,yes,Group study,1–2 hours,Advanced,0,Science,Engineering,Debate / Public Speaking;Student Council / Leadership Roles,Other (please specify),UK;USA,NYU,Personal interest / passion
2025/10/01 12:39:08 PM GMT+6:30,17/01/1997,Male,ENTP,7–8 → High aptitude,Graduate,Moderate / Average,Singapore,80,70,60,60,72,80,94,yes,Self-study,Less than 1 hour,Intermediate,6.5,Business,Business,Debate / Public Speaking;Building miniatures / models,Debate / Public Speaking awards;Other (please specify),Singapore,Edinburgh Napier University ,Personal interest / passion
2025/10/01 12:39:32 PM GMT+6:30,27/10/2025,Male,ENFJ,7–8 → High aptitude,Graduate,Limited / Basic,GPIS,77,67,65,59,76,68,77,yes,Self-study,2–3 hours,Intermediate,0,Business,Business,"Volunteering at hospitals, clinics, or NGOs",Science fair / Olympiad prize,USA,Yale University,Family influence / parental guidance
2025/10/01 12:39:48 PM GMT+6:30,18/03/2010,Male,INTJ,7–8 → High aptitude,Graduate,Comfortable / Above average,GPIS,90,95,40,50,85,90,50,yes,Tuition / Extra Classes,Less than 1 hour,Advanced,0,English,IT,DIY projects,Science fair / Olympiad prize;DIY / Project recognition,USA;Thailand,chula universities,Personal interest / passion
2025/10/01 12:40:23 PM GMT+6:30,01/09/2025,Male,INFP,9–10 → Exceptional aptitude,Graduate,Moderate / Average,GPIS,82,88,0,0,78,40,70,yes,Self-study,1–2 hours,Intermediate,0,Physics,Engineering,Debate / Public Speaking,Hackathon / App competition prize,USA;Singapore;Thailand,University of Melbourne,Peer influence / friends
2025/10/01 12:40:29 PM GMT+6:30,31/03/2008,Female,ISFJ,7–8 → High aptitude,Graduate,Moderate / Average,Mandalay,90,56,70,80,69,99,97,yes,Group study,3–4 hours,Advanced,0,Science,Engineering,"Debate / Public Speaking;Student Council / Leadership Roles;Volunteering at hospitals, clinics, or NGOs",Debate / Public Speaking awards;Student Council / Leadership role;Volunteering recognition,Thailand,Mahidol,Personal interest / passion
2025/10/01 12:40:57 PM GMT+6:30,01/10/2025,Male,INFJ,4–6 → Medium aptitude,Graduate,Moderate / Average,63b,80,70,75,50,60,50,40,yes,Self-study,2–3 hours,Intermediate,0,Math,Engineering,Building miniatures / models,Model building recognition,Canada,Mastersportal,Job availability / employment prospects
2025/10/01 12:41:03 PM GMT+6:30,09/05/2002,Male,ENTJ,7–8 → High aptitude,Non-Graduate,Moderate / Average,mandalay,60,70,45,70,65,0,0,no,Self-study,Less than 1 hour,Beginner,0,Science,Engineering,"Volunteering at hospitals, clinics, or NGOs",Model building recognition,Thailand,mhidol,Family influence / parental guidance
2025/10/01 12:42:13 PM GMT+6:30,25/06/2010,Male,INTP,7–8 → High aptitude,Graduate,Comfortable / Above average,Gpis,75,90,0,0,70,40,90,yes,Tuition / Extra Classes,2–3 hours,Advanced,0,Business,Business,Science clubs,Science fair / Olympiad prize,USA,,Family influence / parental guidance
2025/10/01 12:42:24 PM GMT+6:30,01/03/2008,Female,INFP,7–8 → High aptitude,Non-Graduate,Moderate / Average,SFU,100,98,98,99,99,96,100,yes,Tuition / Extra Classes,3–4 hours,Advanced,0,English,Business,DIY projects,Student Council / Leadership role,UK,,Previous academic performance / aptitude
2025/10/01 12:42:24 PM GMT+6:30,02/02/2005,Male,ENTP,4–6 → Medium aptitude,Graduate,Moderate / Average,Yangon,80,75,76,60,74,91,83,no,Self-study,2–3 hours,Advanced,0,Science,IT,"Volunteering at hospitals, clinics, or NGOs;Science clubs;Programming / coding clubs",Volunteering recognition;Programming / Coding award,USA,Stanford University,Personal interest / passion
2025/10/01 12:43:18 PM GMT+6:30,09/04/2007,Male,INTJ,7–8 → High aptitude,Graduate,Moderate / Average,Global Path Way International School,67,88,0,0,70,40,75,yes,Tuition / Extra Classes,1–2 hours,Advanced,0,Physics,IT,Debate / Public Speaking,Other (please specify),UK,,Family influence / parental guidance
2025/10/01 12:43:26 PM GMT+6:30,10/11/2009,Female,ESFP,9–10 → Exceptional aptitude,Graduate,Moderate / Average,Magway,99,80,87,92,78,67,97,yes,Group study,3–4 hours,Intermediate,7.5,Science,Medicine,"Volunteering at hospitals, clinics, or NGOs",Volunteering recognition,Canada,University of Toronto ,Personal interest / passion
2025/10/01 12:44:46 PM GMT+6:30,30/09/2000,Female,ESFP,4–6 → Medium aptitude,Non-Graduate,Comfortable / Above average,Mandalay,52,80,80,52,65,68,97,yes,Self-study,1–2 hours,Intermediate,0,English,Business,Debate / Public Speaking,Debate / Public Speaking awards,UK,cambridge,Personal interest / passion
2025/10/01 12:44:52 PM GMT+6:30,26/10/2007,Female,ESTP,4–6 → Medium aptitude,Non-Graduate,Comfortable / Above average,mandalay,52,56,80,86,45,63,92,yes,Self-study,Less than 1 hour,Intermediate,0,Business,Business,Debate / Public Speaking,Debate / Public Speaking awards,UK,Cambridge,Personal interest / passion
2025/10/01 12:45:31 PM GMT+6:30,05/12/2000,Male,ESTJ,4–6 → Medium aptitude,Graduate,Moderate / Average,Mandalay,60,70,60,60,70,0,0,no,Tuition / Extra Classes,1–2 hours,Intermediate,0,English,IT,Debate / Public Speaking;Student Council / Leadership Roles,Debate / Public Speaking awards;Student Council / Leadership role,UK,University of Greenwich,Personal interest / passion
2025/10/01 12:45:57 PM GMT+6:30,13/07/2006,Female,ISFJ,7–8 → High aptitude,Non-Graduate,Moderate / Average,Mandalay,97,78,88,67,88,78,83,no,Group study,3–4 hours,Advanced,0,Chemistry,Medicine,Debate / Public Speaking;Student Council / Leadership Roles;DIY projects,Debate / Public Speaking awards;DIY / Project recognition,UK,UCL,Personal interest / passion
2025/10/01 12:46:02 PM GMT+6:30,14/07/2008,Female,INTJ,7–8 → High aptitude,Graduate,Moderate / Average,Mandalay,97,95,0,0,0,0,0,yes,Self-study,2–3 hours,Intermediate,0,English,Business,DIY projects,Debate / Public Speaking awards;DIY / Project recognition,UK,,Personal interest / passion
2025/10/01 12:47:21 PM GMT+6:30,29/09/2002,Male,INTP,9–10 → Exceptional aptitude,Graduate,Comfortable / Above average,Singapore,99,80,70,66,90,90,80,no,Self-study,3–4 hours,Advanced,9,Science,Medicine,Student Council / Leadership Roles,Student Council / Leadership role,Singapore,National University of Singapore ,Personal interest / passion
2025/10/01 12:49:07 PM GMT+6:30,16/05/2008,Male,INTJ,4–6 → Medium aptitude,Graduate,Comfortable / Above average,Mandalay ,81,78,67,64,83,0,0,yes,Self-study,1–2 hours,Intermediate,0,Math,Engineering,Debate / Public Speaking;Building miniatures / models,Other (please specify),UK;Thailand,,Personal interest / passion
2025/10/01 1:46:48 PM GMT+6:30,16/07/2025,Female,INFP,7–8 → High aptitude,Graduate,Comfortable / Above average,gpis,79,78,0,0,0,80,80,yes,Self-study,1–2 hours,Intermediate,0,Business,Business,DIY projects,Other (please specify),UK,,Personal interest / passion
2025/10/01 1:50:24 PM GMT+6:30,25/12/2010,Male,INTJ,9–10 → Exceptional aptitude,Graduate,Moderate / Average,Kalay(LCEC-K12 Faithprep Academy),84,73,0,0,0,97,0,no,Self-study,3–4 hours,Intermediate,0,Business,IT,Debate / Public Speaking;Student Council / Leadership Roles;Programming / coding clubs;DIY projects,Student Council / Leadership role;Science fair / Olympiad prize;Other (please specify),Thailand,,Family influence / parental guidance
2025/10/01 1:57:57 PM GMT+6:30,05/03/2009,Male,ISFP,9–10 → Exceptional aptitude,Graduate,Comfortable / Above average,Mandalay,85,55,73,77,79,90,93,no,Self-study,1–2 hours,Intermediate,0,Math,Engineering,Hackathons / App development projects,Other (please specify),Singapore,,Previous academic performance / aptitude
2025/10/01 2:00:07 PM GMT+6:30,02/02/1992,Female,ISTJ,9–10 → Exceptional aptitude,Graduate,Moderate / Average,Taunggyi,87,75,76,84,84,0,0,no,Tuition / Extra Classes,3–4 hours,Intermediate,6,Science,Medicine,DIY projects,Other (please specify),Thailand,Khon Kaen University ,Teachers / mentors
2025/10/01 2:03:23 PM GMT+6:30,03/10/2009,Male,INTJ,4–6 → Medium aptitude,Graduate,Moderate / Average,USM,75,80,60,70,70,70,0,no,Self-study,1–2 hours,Intermediate,6,Math,Engineering,Building miniatures / models,Model building recognition,Canada,UBC,Personal interest / passion
2025/10/01 2:05:24 PM GMT+6:30,08/04/2008,Male,INTJ,9–10 → Exceptional aptitude,Graduate,Comfortable / Above average,Mandalay,75,80,0,0,0,85,75,yes,Self-study,1–2 hours,Intermediate,5.5,Business,Business,Debate / Public Speaking;Student Council / Leadership Roles,Debate / Public Speaking awards;Student Council / Leadership role;Other (please specify),UK;Singapore,,Personal interest / passion
2025/10/01 2:08:55 PM GMT+6:30,31/12/2010,Female,INFJ,4–6 → Medium aptitude,Graduate,Moderate / Average,Mandalay,85,86,0,0,0,55,0,yes,Self-study,3–4 hours,Intermediate,0,Business,Medicine,DIY projects;Building miniatures / models,DIY / Project recognition;Model building recognition,UK;USA;Canada;Thailand,not yet,Family influence / parental guidance
2025/10/01 3:08:34 PM GMT+6:30,03/08/2009,Female,ENTP,7–8 → High aptitude,Graduate,Limited / Basic,Mandalay,62,73,88,77,67,79,80,yes,Self-study,1–2 hours,Intermediate,0,English,Medicine,"Volunteering at hospitals, clinics, or NGOs",Other (please specify),Canada;Singapore,NUS,Student
2025/10/01 3:47:35 PM GMT+6:30,03/07/1998,Female,ISFJ,9–10 → Exceptional aptitude,Non-Graduate,Moderate / Average,Yangon,85,73,86,81,77,0,0,no,Tuition / Extra Classes,1–2 hours,Intermediate,0,English,IT,Programming / coding clubs;Hackathons / App development projects;DIY projects,Volunteering recognition;Programming / Coding award;Hackathon / App competition prize;DIY / Project recognition;Model building recognition,UK;Canada,-,Personal interest / passion
2025/10/01 3:50:04 PM GMT+6:30,17/10/1995,Female,ISFJ,9–10 → Exceptional aptitude,Non-Graduate,Comfortable / Above average,"Kyonmange, Wakema Township",70,50,0,69,62,0,79,no,Tuition / Extra Classes,3–4 hours,Intermediate,0,Math,IT,Programming / coding clubs;Hackathons / App development projects;DIY projects,Other (please specify),Canada;Singapore;Thailand,,Personal interest / passion
2025/10/01 5:18:08 PM GMT+6:30,06/09/2007,Male,INFP,9–10 → Exceptional aptitude,Graduate,Limited / Basic,Mandalay ,98,95,0,0,94,96,98,yes,Self-study,1–2 hours,Intermediate,0,ICT,IT,Debate / Public Speaking,Other (please specify),UK,Not UK Acutally ,Job availability / employment prospects
2025/10/01 5:41:54 PM GMT+6:30,27/11/2008,Female,ENFJ,7–8 → High aptitude,Graduate,Moderate / Average,"thaton ,mon state",65,75,60,89,70,70,85,yes,Self-study,2–3 hours,Intermediate,0,English,Engineering,Programming / coding clubs;DIY projects,Other (please specify),UK;Canada;Singapore,"NUS, and middlex",Family influence / parental guidance
2025/10/01 6:15:43 PM GMT+6:30,03/01/2010,Male,ISTP,9–10 → Exceptional aptitude,Graduate,Moderate / Average,Monywa,88,80,78,85,70,90,0,yes,Self-study,1–2 hours,Advanced,0,Science,Medicine,Debate / Public Speaking;Student Council / Leadership Roles;DIY projects,Student Council / Leadership role,Singapore,,Previous academic performance / aptitude
2025/10/01 6:31:33 PM GMT+6:30,07/09/2007,Female,INFJ,9–10 → Exceptional aptitude,Graduate,Comfortable / Above average,Yangon(I am an online student.),88,93,99,96,99,95,0,yes,Self-study,1–2 hours,Intermediate,0,Physics,IT,Science clubs;DIY projects,Other (please specify),Canada;Singapore,,"Sir, I don’t have average marks from high school. They are from my Pre-IG final test because our school didn’t provide us with an average.I hope this information will be helpful. Thank you."
2025/10/01 7:43:12 PM GMT+6:30,18/01/2011,Male,INTP,9–10 → Exceptional aptitude,Graduate,Moderate / Average,Mandalay,90,85,0,0,0,0,0,no,Self-study,1–2 hours,Intermediate,0,Science,Business,Science clubs;Programming / coding clubs;Hackathons / App development projects,Science fair / Olympiad prize;Programming / Coding award;Hackathon / App competition prize,UK;USA,I would like to attend a university that may help me to be a scientist ,Personal interest / passion
2025/10/01 8:50:08 PM GMT+6:30,10/08/2007,Male,ESTJ,9–10 → Exceptional aptitude,Graduate,Comfortable / Above average,Mandalay,90,93,0,0,0,0,0,yes,Self-study,2–3 hours,Intermediate,0,Math,Business,Debate / Public Speaking;Science clubs,Debate / Public Speaking awards;Other (please specify),UK;USA,,Personal interest / passion
2025/10/01 8:56:41 PM GMT+6:30,01/10/2025,Female,ISFP,4–6 → Medium aptitude,Graduate,Moderate / Average,Yadanabon university ,52,58,73,61,56,0,0,no,Self-study,1–2 hours,Beginner,0,English,Business,Debate / Public Speaking,Debate / Public Speaking awards,UK,,Personal interest / passion
2025/10/01 9:38:54 PM GMT+6:30,01/07/2008,Female,ISTJ,7–8 → High aptitude,Graduate,Moderate / Average,yangon,85,70,85,75,90,90,0,yes,Self-study,3–4 hours,Advanced,0,Science,Medicine,Debate / Public Speaking;Student Council / Leadership Roles;Programming / coding clubs,Debate / Public Speaking awards;Student Council / Leadership role;Science fair / Olympiad prize,UK,NUMed,Personal interest / passion
2025/10/01 10:27:52 PM GMT+6:30,13/07/2009,Female,ISTJ,9–10 → Exceptional aptitude,Graduate,Moderate / Average,Mandalay,92,84,88,92,81,95,83,yes,Self-study,1–2 hours,Beginner,0,Math,Business,DIY projects,Other (please specify),Singapore,,Personal interest / passion
2025/10/02 9:39:44 AM GMT+6:30,16/10/2008,Male,ESFJ,7–8 → High aptitude,Graduate,Moderate / Average,Mandalay ,70,70,80,80,80,80,0,yes,Self-study,1–2 hours,Intermediate,0,ICT,IT,Programming / coding clubs;Hackathons / App development projects,Other (please specify),USA;Canada;Singapore,,Personal interest / passion
2025/10/02 10:20:32 AM GMT+6:30,24/07/2009,Male,ENTJ,9–10 → Exceptional aptitude,Graduate,Moderate / Average,Pyin Oo Lwin,98,94,0,0,0,0,0,no,Self-study,More than 4 hours,Intermediate,0,Math,Engineering,Debate / Public Speaking;DIY projects,Other (please specify),UK;USA;Canada,UK,Personal interest / passion
2025/10/02 10:23:13 AM GMT+6:30,07/03/2011,Male,ISFJ,7–8 → High aptitude,Graduate,Moderate / Average,"GIC,Mandalay",96,98,87,96,95,99,0,yes,Group study,3–4 hours,Intermediate,6.5,ICT,Engineering,Building miniatures / models,Other (please specify),USA,European Flight Academy,Aviation
2025/10/02 10:29:02 AM GMT+6:30,24/07/2009,Male,ENTJ,9–10 → Exceptional aptitude,Graduate,Moderate / Average,Pyin Oo Lwin,98,96,0,0,0,0,0,yes,Self-study,More than 4 hours,Intermediate,0,Math,Engineering,Debate / Public Speaking;DIY projects,Other (please specify),UK;USA;Canada,Oxford,Personal interest / passion
2025/10/02 10:29:37 AM GMT+6:30,16/01/2010,Male,INFJ,7–8 → High aptitude,Graduate,Comfortable / Above average,Singapore ,60,50,0,0,90,60,0,yes,Tuition / Extra Classes,1–2 hours,Intermediate,0,Physics,IT,Programming / coding clubs,Programming / Coding award,Singapore,,Family influence / parental guidance
2025/10/02 10:30:25 AM GMT+6:30,23/05/2009,Male,ENTP,4–6 → Medium aptitude,Non-Graduate,Moderate / Average,GIC ,93,98,97,95,96,90,0,yes,Self-study,Less than 1 hour,Intermediate,0,Physics,Engineering,"Debate / Public Speaking;Volunteering at hospitals, clinics, or NGOs;Science clubs",Debate / Public Speaking awards;Science fair / Olympiad prize;Other (please specify),Canada,University of Waterloo,"To achieve my passions and goals.Plus,I’m into it."
2025/10/02 10:31:15 AM GMT+6:30,06/10/2008,Male,ISTJ,9–10 → Exceptional aptitude,Graduate,Moderate / Average,Have attended in VEC. Attending Currently in GIC.,92,78,93,99,85,87,0,yes,Self-study,2–3 hours,Intermediate,0,Math,Engineering,Student Council / Leadership Roles,Student Council / Leadership role,Singapore,Polytechnic,Personal interest / passion
2025/10/02 10:31:42 AM GMT+6:30,05/09/2008,Female,ESFJ,0–3 → Low aptitude,Non-Graduate,Comfortable / Above average,mdy ,40,90,90,80,80,40,0,yes,Self-study,Less than 1 hour,Intermediate,0,Physics,Business,DIY projects,Debate / Public Speaking awards;Student Council / Leadership role;Volunteering recognition;DIY / Project recognition,UK,Cambridge,Family influence / parental guidance
2025/10/02 10:32:39 AM GMT+6:30,18/12/2009,Male,ESFJ,4–6 → Medium aptitude,Graduate,Moderate / Average,Not yet,76,65,85,77,66,65,0,no,Tuition / Extra Classes,1–2 hours,Intermediate,0,Math,Engineering,Science clubs,Programming / Coding award,USA;Canada;Thailand,Idk yet,Family influence / parental guidance
2025/10/02 10:34:55 AM GMT+6:30,19/06/2009,Female,INFJ,7–8 → High aptitude,Graduate,Moderate / Average,Mandalay,70,80,0,84,89,74,0,yes,Self-study,1–2 hours,Intermediate,0,English,Engineering,DIY projects;Building miniatures / models,Volunteering recognition;DIY / Project recognition;Model building recognition;Other (please specify),UK,Stanford University,Job availability / employment prospects
2025/10/02 10:35:32 AM GMT+6:30,31/12/2009,Female,ISTJ,4–6 → Medium aptitude,Graduate,Comfortable / Above average,Mandalay ,72.5,84,0,52,96,78,0,yes,Self-study,More than 4 hours,Intermediate,0,Math,Engineering,"Volunteering at hospitals, clinics, or NGOs",DIY / Project recognition,Canada,University of Winnipeg,Personal interest / passion
2025/10/02 10:36:29 AM GMT+6:30,02/02/2010,Female,ENFP,7–8 → High aptitude,Graduate,Moderate / Average,Mandalay,100,91,84,93,96,96,0,yes,Self-study,2–3 hours,Advanced,0,Math,IT,Debate / Public Speaking;Programming / coding clubs;Hackathons / App development projects;DIY projects;Building miniatures / models,Debate / Public Speaking awards;DIY / Project recognition;Other (please specify),UK;Canada;Singapore,,Personal interest / passion
2025/10/02 10:39:04 AM GMT+6:30,08/11/2008,Male,ESFJ,7–8 → High aptitude,Non-Graduate,Comfortable / Above average,Mandalay,85,90,80,86,89,95,0,yes,Self-study,1–2 hours,Intermediate,0,Science,IT,Debate / Public Speaking,Debate / Public Speaking awards,UK,universities of Manchester ,Personal interest / passion
2025/10/02 10:43:46 AM GMT+6:30,26/03/2009,Male,ISTJ,7–8 → High aptitude,Graduate,Moderate / Average,Mandalay ,75,90,0,80,92,84,0,yes,Tuition / Extra Classes,1–2 hours,Intermediate,0,English,Engineering,Building miniatures / models,Other (please specify),Singapore,,Personal interest / passion
2025/10/02 10:45:14 AM GMT+6:30,02/01/2010,Attack Helicopter,INFJ,9–10 → Exceptional aptitude,Graduate,Moderate / Average,Mandalay,100,98,0,94,96,90,0,yes,Self-study,2–3 hours,Intermediate,0,Science,Engineering,Debate / Public Speaking,Other (please specify),USA,,Personal interest / passion
2025/10/02 10:48:09 AM GMT+6:30,13/06/2008,Female,INFP,7–8 → High aptitude,Graduate,Comfortable / Above average,Mandalay ,84,64,99,97,98,83,0,yes,Self-study,2–3 hours,Intermediate,0,Science,Engineering,Building miniatures / models,Other (please specify),Thailand,,Teachers / mentors
2025/10/02 11:40:45 AM GMT+6:30,02/09/2024,Male,INFP,7–8 → High aptitude,Graduate,Moderate / Average,Mandalay,26,78,49,53,32,60,0,yes,Tuition / Extra Classes,2–3 hours,Intermediate,0,English,Business,Programming / coding clubs;Hackathons / App development projects;DIY projects,Other (please specify),USA;Canada;Singapore;Thailand,dartmouth,Teachers / mentors / Family influence / parental guidance / Job availability / employment prospects / Peer influence / friends
2025/10/02 4:05:05 PM GMT+6:30,26/08/2010,Female,INTP,7–8 → High aptitude,Graduate,Moderate / Average,Mandalay,96,66,0,82,100,90,0,yes,Self-study,1–2 hours,Intermediate,0,Math,Engineering,Debate / Public Speaking;DIY projects,Other (please specify),UK;Canada;Thailand,MIT/ Oxford ,Personal interest / passion
2025/10/02 4:24:20 PM GMT+6:30,30/12/2009,Female,ENFP,4–6 → Medium aptitude,Graduate,Comfortable / Above average,Myintnge,79,75,33,43,59,65,81,no,Tuition / Extra Classes,Less than 1 hour,Beginner,0,Business,Business,Debate / Public Speaking;DIY projects,DIY / Project recognition,UK;USA;Canada,Cambrige,Personal interest / passion
2025/10/02 5:49:01 PM GMT+6:30,05/09/2007,Male,INTJ,9–10 → Exceptional aptitude,Graduate,Limited / Basic,Mandalay ,85,80,0,0,0,0,0,yes,Self-study,2–3 hours,Intermediate,0,Physics,Engineering,Student Council / Leadership Roles;DIY projects,Student Council / Leadership role;DIY / Project recognition,UK;USA;Canada,University of Manchester ,Personal interest / passion
2025/10/02 8:30:48 PM GMT+6:30,02/02/2011,Male,ENTP,9–10 → Exceptional aptitude,Graduate,Comfortable / Above average,Mandalay,85,90,0,0,0,0,0,yes,Self-study,3–4 hours,Intermediate,0,Science,Engineering,Debate / Public Speaking;Student Council / Leadership Roles;Programming / coding clubs;DIY projects,Debate / Public Speaking awards;Student Council / Leadership role;Other (please specify),Singapore,Nang Yang,Job availability / employment prospects
2025/10/03 1:56:56 PM GMT+6:30,25/09/2008,Female,ENFP,9–10 → Exceptional aptitude,Graduate,Comfortable / Above average,Mandalay,90,75,0,0,0,88,92,no,Self-study,3–4 hours,Intermediate,0,Math,Business,Debate / Public Speaking;Student Council / Leadership Roles,Debate / Public Speaking awards,UK;Canada;Singapore,,Previous academic performance / aptitude